roadName,linkID,stnodeID,ednodeID,stnodeNM,ednodeNM,mapDist,stdLinkCnt,bsRoadYn,regCd,regNm,trfClsDivCd,trfClsDivNm,trfServYn
서해안고속도로,2330053500,2330026100,2330024200,비봉IC 북측(연결로),비봉IC 남측(본선),747.0,1,N,,,10,도시고속,Y
서해안고속도로,2330053600,2330024200,2330026100,비봉IC 남측(본선),비봉IC 북측(연결로),747.0,1,N,,,10,도시고속,Y
과천~봉담간,2330058200,2330027300,2330026500,-,진천IC 북측(본선),494.0,,N,,,20,시내,Y
과천~봉담간,2330059600,2330027300,2330027700,-,-,459.0,,N,,,20,시내,Y
과천~봉담간,2330059700,2330027700,2330027300,-,-,459.0,,N,,,20,시내,Y
서해안고속도로,2330060300,2330026100,2330028300,비봉IC 북측(연결로),매송IC 남측(본선),3618.0,1,N,,,10,도시고속,Y
서해안고속도로,2330061400,2330028300,2330028500,매송IC 남측(본선),매송IC 북측(본선),557.0,1,N,,,10,도시고속,Y
서해안고속도로,2330061500,2330028500,2330028300,매송IC 북측(본선),매송IC 남측(본선),558.0,1,N,,,10,도시고속,Y
서해안고속도로,2330062201,2330028500,2160004600,매송IC 북측(본선),팔곡JC 남측(서해안선 본선),2847.0,1,N,,,10,도시고속,Y
서해안고속도로,2330062301,2160004600,2330028500,팔곡JC 남측(서해안선 본선),매송IC 북측(본선),2824.0,1,N,,,10,도시고속,Y
수도권제2순환고속도로,2333261100,2330120200,2330120500,서오산JC 서측,정남IC 동측,1677.0,1,N,,,10,도시고속,Y
수도권제2순환고속도로,2333261300,2330120900,2330121200,정남IC 서측,봉담영업소,2373.0,1,N,,,10,도시고속,Y
수도권제2순환고속도로,2333261400,2330121600,2330121300,봉담IC 북측,봉담IC 남측,1287.0,1,N,,,10,도시고속,Y
수도권제2순환고속도로,2333261500,2330121300,2330121600,봉담IC 남측,봉담IC 북측,1288.0,1,N,,,10,도시고속,Y
수도권제2순환고속도로,2333261700,2330121200,2330120900,봉담영업소,정남IC 서측,2381.0,1,N,,,10,도시고속,Y
수도권제2순환고속도로,2333262000,2330120900,2330120500,정남IC 서측,정남IC 동측,780.0,1,N,,,10,도시고속,Y
평택-화성고속도로,2333264000,2330119900,2330119800,서오산JC 남측,향남IC 동측,4452.0,1,N,,,10,도시고속,Y
평택-화성고속도로,2333264200,2330119600,2330119800,향남IC 남측,향남IC 동측,538.0,1,N,,,10,도시고속,Y
평택-화성고속도로,2333264300,2330119800,2330119600,향남IC 동측,향남IC 남측,538.0,1,N,,,10,도시고속,Y
수도권제2순환고속도로,2333264900,2330121300,2330121200,봉담IC 남측,봉담영업소,1736.0,1,N,,,10,도시고속,Y
수도권제2순환고속도로,2333265000,2330121200,2330121300,봉담영업소,봉담IC 남측,1743.0,1,N,,,10,도시고속,Y
수도권제2순환고속도로,2333265100,2330120500,2330120200,정남IC 동측,서오산JC 서측,1683.0,1,N,,,10,도시고속,Y
평택-시흥고속국도,2333328100,2330156700,2330156800,슬항2교남측,슬항2교북측,30.0,1,N,,,10,도시고속,Y
평택-시흥고속국도,2333328300,2330156900,2330157500,송산마도IC남측,송산마도IC북측,569.0,1,N,,,10,도시고속,Y
평택-시흥고속국도,2333328400,2330157500,2330157600,송산마도IC북측,문산천교남측,1047.0,1,N,,,10,도시고속,Y
평택-시흥고속국도,2333328500,2330157600,2330157700,문산천교남측,문산천교북측,70.0,1,N,,,10,도시고속,Y
평택-시흥고속국도,2333328600,2330157700,2330157800,문산천교북측,용포1교남측,326.0,1,N,,,10,도시고속,Y
평택-시흥고속국도,2333328700,2330157800,2330157900,용포1교남측,용포1교북측,32.0,1,N,,,10,도시고속,Y
평택-시흥고속국도,2333328900,2330158000,2330158100,용포교남측,용포교북측,31.0,1,N,,,10,도시고속,Y
평택-시흥고속국도,2333329000,2330158100,2330158200,용포교북측,용포2교남측,385.0,1,N,,,10,도시고속,Y
평택-시흥고속국도,2333329200,2330158300,2330158400,용포2교북측,용포3교남측,338.0,1,N,,,10,도시고속,Y
평택-시흥고속국도,2333329300,2330158400,2330158500,용포3교남측,용포3교북측,29.0,1,N,,,10,도시고속,Y
평택-시흥고속국도,2333329400,2330158500,2330158600,용포3교북측,송산마도휴게소남측,126.0,1,N,,,10,도시고속,Y
평택-시흥고속국도,2333329600,2330158700,2330158800,송산마도휴게소북측,고정1교남측,602.0,1,N,,,10,도시고속,Y
평택-시흥고속국도,2333330300,2330151900,2330151800,독정천교북측,독정천교남측,60.0,1,N,,,10,도시고속,Y
평택-시흥고속국도,2333330400,2330152000,2330151900,대남교남측,독정천교북측,1459.0,1,N,,,10,도시고속,Y
평택-시흥고속국도,2333330600,2330152200,2330152100,장안지하차도남측,대남교북측,589.0,1,N,,,10,도시고속,Y
평택-시흥고속국도,2333330700,2330152300,2330152200,장안지하차도북측,장안지하차도남측,52.0,1,N,,,10,도시고속,Y
평택-시흥고속국도,2333330800,2330152400,2330152300,장안TG,장안지하차도북측,717.0,1,N,,,10,도시고속,Y
평택-시흥고속국도,2333331100,2330152700,2330152600,수촌1교남측,어은교북측,593.0,1,N,,,10,도시고속,Y
평택-시흥고속국도,2333331200,2330152800,2330152700,수촌1교북측,수촌1교남측,38.0,1,N,,,10,도시고속,Y
평택-시흥고속국도,2333332600,2330158900,2330159000,고정1교북측,고정2교남측,211.0,1,N,,,10,도시고속,Y
평택-시흥고속국도,2333332700,2330159000,2330159100,고정2교남측,고정2교북측,83.0,1,N,,,10,도시고속,Y
평택-시흥고속국도,2333332800,2330159100,2330159200,고정2교북측,고정3교남측,641.0,1,N,,,10,도시고속,Y
평택-시흥고속국도,2333333100,2140071700,2330151100,평택-화성경계,남양호교서측,99.0,1,N,,,10,도시고속,Y
평택-시흥고속국도,2333333200,2170063400,2330159800,화성-안산경계,시화대교남측,558.0,1,N,,,10,도시고속,Y
평택-시흥고속국도,2333333300,2330152900,2330153000,수촌2교남측,수촌2교북측,33.0,1,N,,,10,도시고속,Y
평택-시흥고속국도,2333333500,2330152900,2330152800,수촌2교남측,수촌1교북측,107.0,1,N,,,10,도시고속,Y
평택-시흥고속국도,2333333600,2330152800,2330152900,수촌1교북측,수촌2교남측,107.0,1,N,,,10,도시고속,Y
평택-시흥고속국도,2333333900,2330151200,2330151100,덕정3리천교동측,남양호교서측,130.0,1,N,,,10,도시고속,Y
평택-시흥고속국도,2333334200,2330153200,2330153100,금의1교북측,금의1교남측,32.0,1,N,,,10,도시고속,Y
평택-시흥고속국도,2333334300,2330153300,2330153200,금의2교남측,금의1교북측,442.0,1,N,,,10,도시고속,Y
평택-시흥고속국도,2333334400,2330153400,2330153300,금의2교북측,금의2교남측,54.0,1,N,,,10,도시고속,Y
평택-시흥고속국도,2333334600,2330153700,2330153500,조암IC북측,조암IC남측,645.0,1,N,,,10,도시고속,Y
평택-시흥고속국도,2333334700,2330153900,2330153700,주곡1교남측,조암IC북측,1000.0,1,N,,,10,도시고속,Y
황물로,1050009301,1050016100,1050002700,청량리교회,숭인중학교,198.0,1,Y,105,동대문구,20,시내,Y
황물로,1050004801,1050007600,1050008200,답십리1동,답십리초교,232.0,1,Y,105,동대문구,20,시내,Y
황물로,1050006700,1050002700,1050002000,숭인중학교,신답육교,483.0,1,Y,105,동대문구,20,시내,Y
황물로,1050004704,1050002000,1050009100,신답육교,답십리근린생활시설,288.0,1,Y,105,동대문구,20,시내,Y
황물로,1050004802,1050008200,1050008500,답십리초교,삼희아파트,105.0,1,Y,105,동대문구,20,시내,Y
황물로,1050004703,1050009100,1050008500,답십리근린생활시설,삼희아파트,119.0,1,Y,105,동대문구,20,시내,Y
황물로,1050004803,1050008500,1050009100,삼희아파트,답십리근린생활시설,119.0,1,Y,105,동대문구,20,시내,Y
황물로,1050004702,1050008500,1050008200,삼희아파트,답십리초교,105.0,1,Y,105,동대문구,20,시내,Y
황물로,1050004804,1050009100,1050002000,답십리근린생활시설,신답육교,289.0,1,Y,105,동대문구,20,시내,Y
황물로,1050004701,1050008200,1050007600,답십리초교,답십리1동,232.0,1,Y,105,동대문구,20,시내,Y
황물로,1050006800,1050002000,1050002700,신답육교,숭인중학교,483.0,1,Y,105,동대문구,20,시내,Y
황물로,1030017302,1050007600,1050007300,답십리1동,답십리5지구대,186.0,1,Y,103,성동구,20,시내,Y
황물로,1050009401,1050002700,1050016100,숭인중학교,청량리교회,189.0,1,Y,105,동대문구,20,시내,Y
황물로,1030017301,1050007300,1050006700,답십리5지구대,군자초교,189.0,1,Y,103,성동구,20,시내,Y
황물로,1050009402,1050016100,1050017600,청량리교회,전농119안전센터,173.0,1,Y,105,동대문구,20,시내,Y
평택-시흥고속국도,2333335000,2330154200,2330154100,주곡2교북측,주곡2교남측,26.0,1,N,,,10,도시고속,Y
평택-시흥고속국도,2333335100,2330154300,2330154200,주곡3교남측,주곡2교북측,125.0,1,N,,,10,도시고속,Y
평택-시흥고속국도,2333335200,2330154400,2330154300,주곡3교북측,주곡3교남측,25.0,1,N,,,10,도시고속,Y
평택-시흥고속국도,2333335400,2330154600,2330154500,화옹교북측,화옹교남측,35.0,1,N,,,10,도시고속,Y
평택-시흥고속국도,2333335600,2330154800,2330154700,화성교북측,화성교남측,122.0,1,N,,,10,도시고속,Y
평택-시흥고속국도,2333335800,2330151400,2330151300,장안교동측,덕정3리천교서측,410.0,1,N,,,10,도시고속,Y
평택-시흥고속국도,2333335900,2330151500,2330151400,장안교서측,장안교동측,26.0,1,N,,,10,도시고속,Y
평택-시흥고속국도,2333336000,2330151600,2330151500,정든교남측,장안교서측,651.0,1,N,,,10,도시고속,Y
평택-시흥고속국도,2333336100,2330151700,2330151600,정든교북측,정든교남측,35.0,1,N,,,10,도시고속,Y
평택-시흥고속국도,2333336200,2330151100,2330151200,남양호교서측,덕정3리천교동측,130.0,1,N,,,10,도시고속,Y
평택-시흥고속국도,2333336400,2330151300,2330151400,덕정3리천교서측,장안교동측,409.0,1,N,,,10,도시고속,Y
평택-시흥고속국도,2333336500,2330151400,2330151500,장안교동측,장안교서측,26.0,1,N,,,10,도시고속,Y
평택-시흥고속국도,2333336600,2330151500,2330151600,장안교서측,정든교남측,647.0,1,N,,,10,도시고속,Y
평택-시흥고속국도,2333336700,2330151600,2330151700,정든교남측,정든교북측,35.0,1,N,,,10,도시고속,Y
평택-시흥고속국도,2333336800,2330151700,2330151800,정든교북측,독정천교남측,909.0,1,N,,,10,도시고속,Y
평택-시흥고속국도,2333336900,2330151800,2330151900,독정천교남측,독정천교북측,60.0,1,N,,,10,도시고속,Y
평택-시흥고속국도,2333337100,2330159500,2330159600,음섬1교북측,음섬2교남측,2493.0,1,N,,,10,도시고속,Y
평택-시흥고속국도,2333337200,2330159600,2330159700,음섬2교남측,음섬2교북측,32.0,1,N,,,10,도시고속,Y
평택-시흥고속국도,2333337300,2330159700,2330159800,음섬2교북측,시화대교남측,845.0,1,N,,,10,도시고속,Y
평택-시흥고속국도,2333337400,2330155000,2330154900,남양교북측,남양교남측,242.0,1,N,,,10,도시고속,Y
평택-시흥고속국도,2333337500,2330155100,2330155000,장덕교남측,남양교북측,1819.0,1,N,,,10,도시고속,Y
평택-시흥고속국도,2333337700,2330155300,2330155200,마도교남측,장덕교북측,563.0,1,N,,,10,도시고속,Y
평택-시흥고속국도,2333337800,2330155400,2330155300,마도교북측,마도교남측,298.0,1,N,,,10,도시고속,Y
평택-시흥고속국도,2333338000,2330155600,2330155500,상현교북측,상현교남측,22.0,1,N,,,10,도시고속,Y
평택-시흥고속국도,2333338100,2330155700,2330155600,신남교남측,상현교북측,541.0,1,N,,,10,도시고속,Y
평택-시흥고속국도,2333338200,2330155800,2330155700,신남교북측,신남교남측,36.0,1,N,,,10,도시고속,Y
평택-시흥고속국도,2333338400,2330156000,2330155900,청원교북측,청원교남측,33.0,1,N,,,10,도시고속,Y
평택-시흥고속국도,2333338500,2330156100,2330156000,쌍송지하차도남측,청원교북측,1504.0,1,N,,,10,도시고속,Y
평택-시흥고속국도,2333338600,2330156200,2330156100,쌍송지하차도북측,쌍송지하차도남측,28.0,1,N,,,10,도시고속,Y
평택-시흥고속국도,2333338700,2330156300,2330156200,석교교남측,쌍송지하차도북측,917.0,1,N,,,10,도시고속,Y
평택-시흥고속국도,2333338800,2330156400,2330156300,석교교북측,석교교남측,29.0,1,N,,,10,도시고속,Y
평택-시흥고속국도,2333339000,2330156600,2330156500,슬항1교북측,슬항1교남측,77.0,1,N,,,10,도시고속,Y
평택-시흥고속국도,2333339100,2330156700,2330156600,슬항2교남측,슬항1교북측,309.0,1,N,,,10,도시고속,Y
평택-시흥고속국도,2333339300,2330156900,2330156800,송산마도IC남측,슬항2교북측,615.0,1,N,,,10,도시고속,Y
평택-시흥고속국도,2333339500,2330157500,2330156900,송산마도IC북측,송산마도IC남측,573.0,1,N,,,10,도시고속,Y
평택-시흥고속국도,2333339600,2330157600,2330157500,문산천교남측,송산마도IC북측,1048.0,1,N,,,10,도시고속,Y
평택-시흥고속국도,2333339700,2330157700,2330157600,문산천교북측,문산천교남측,70.0,1,N,,,10,도시고속,Y
평택-시흥고속국도,2333340000,2330158000,2330157900,용포교남측,용포1교북측,167.0,1,N,,,10,도시고속,Y
평택-시흥고속국도,2333340100,2330158100,2330158000,용포교북측,용포교남측,31.0,1,N,,,10,도시고속,Y
평택-시흥고속국도,2333340300,2330158300,2330158200,용포2교북측,용포2교남측,33.0,1,N,,,10,도시고속,Y
평택-시흥고속국도,2333340400,2330158400,2330158300,용포3교남측,용포2교북측,337.0,1,N,,,10,도시고속,Y
평택-시흥고속국도,2333340500,2330158500,2330158400,용포3교북측,용포3교남측,29.0,1,N,,,10,도시고속,Y
평택-시흥고속국도,2333340800,2330158800,2330158700,고정1교남측,송산마도휴게소북측,602.0,1,N,,,10,도시고속,Y
평택-시흥고속국도,2333340900,2330158900,2330158800,고정1교북측,고정1교남측,40.0,1,N,,,10,도시고속,Y
평택-시흥고속국도,2333341000,2330159000,2330158900,고정2교남측,고정1교북측,210.0,1,N,,,10,도시고속,Y
평택-시흥고속국도,2333341200,2330159200,2330159100,고정3교남측,고정2교북측,638.0,1,N,,,10,도시고속,Y
평택-시흥고속국도,2333341300,2330159300,2330159200,고정3교북측,고정3교남측,28.0,1,N,,,10,도시고속,Y
평택-시흥고속국도,2333341400,2330159400,2330159300,음섬1교남측,고정3교북측,446.0,1,N,,,10,도시고속,Y
평택-시흥고속국도,2333341700,2330159700,2330159600,음섬2교북측,음섬2교남측,32.0,1,N,,,10,도시고속,Y
평택-시흥고속국도,2333341800,2330159800,2330159700,시화대교남측,음섬2교북측,845.0,1,N,,,10,도시고속,Y
평택-시흥고속국도,2333342000,2330152000,2330152100,대남교남측,대남교북측,40.0,1,N,,,10,도시고속,Y
평택-시흥고속국도,2333342100,2330152100,2330152200,대남교북측,장안지하차도남측,589.0,1,N,,,10,도시고속,Y
평택-시흥고속국도,2333342200,2330152200,2330152300,장안지하차도남측,장안지하차도북측,52.0,1,N,,,10,도시고속,Y
평택-시흥고속국도,2333342300,2330152300,2330152400,장안지하차도북측,장안TG,718.0,1,N,,,10,도시고속,Y
평택-시흥고속국도,2333342600,2330152600,2330152700,어은교북측,수촌1교남측,593.0,1,N,,,10,도시고속,Y
평택-시흥고속국도,2333342700,2330152700,2330152800,수촌1교남측,수촌1교북측,38.0,1,N,,,10,도시고속,Y
목동중앙본로,1140038904,1150000100,1140037900,염창역,덕수프라자,84.0,1,Y,114,양천구,20,시내,Y
목동중앙본로,1140039001,1140011000,1140037000,목동극동아파트,워베스빌앞,428.0,1,Y,114,양천구,20,시내,Y
목동중앙본로,1140038903,1140037900,1140037500,덕수프라자,목동성운빌딩,335.0,1,Y,114,양천구,20,시내,Y
목동중앙본로,1140039002,1140037000,1140037500,워베스빌앞,목동성운빌딩,490.0,1,Y,114,양천구,20,시내,Y
목동중앙본로,1140038902,1140037500,1140037000,목동성운빌딩,워베스빌앞,492.0,1,Y,114,양천구,20,시내,Y
목동중앙본로,1140039003,1140037500,1140037900,목동성운빌딩,덕수프라자,335.0,1,Y,114,양천구,20,시내,Y
목동중앙본로,1140038901,1140037000,1140011000,워베스빌앞,목동극동아파트,428.0,1,Y,114,양천구,20,시내,Y
목동중앙본로,1140039004,1140037900,1150000100,덕수프라자,염창역,90.0,1,Y,114,양천구,20,시내,Y
백련산로,1110005800,1110006600,1110009900,충암고교,서울시립은평병원,802.0,3,Y,111,은평구,20,시내,Y
백련산로,1110008102,1110010600,1110009900,은평병원,서울시립은평병원,139.0,1,Y,111,은평구,20,시내,Y
백련산로,1110008104,1110011300,1110010600,영락중교,은평병원,326.0,1,Y,111,은평구,20,시내,Y
백련산로,1110008106,1110013900,1110011300,은평구청입구,영락중교,594.0,1,Y,111,은평구,20,시내,Y
백련산로,1110008201,1110009900,1110010900,서울시립은평병원,응암제2동주민센터,201.0,1,Y,111,은평구,20,시내,Y
백련산로,1110008203,1110010900,1110011200,응암제2동주민센터,영락중교,259.0,1,Y,111,은평구,20,시내,Y
백련산로,1110008205,1110011200,1110013900,영락중교,은평구청입구,598.0,1,Y,111,은평구,20,시내,Y
평택-시흥고속국도,2333342900,2330153100,2330153200,금의1교남측,금의1교북측,32.0,1,N,,,10,도시고속,Y
평택-시흥고속국도,2333343000,2330153200,2330153300,금의1교북측,금의2교남측,442.0,1,N,,,10,도시고속,Y
평택-시흥고속국도,2333343100,2330153300,2330153400,금의2교남측,금의2교북측,54.0,1,N,,,10,도시고속,Y
평택-시흥고속국도,2333343400,2330153700,2330153900,조암IC북측,주곡1교남측,995.0,1,N,,,10,도시고속,Y
평택-시흥고속국도,2333343500,2330153900,2330154000,주곡1교남측,주곡1교북측,27.0,1,N,,,10,도시고속,Y
평택-시흥고속국도,2333343700,2330154100,2330154200,주곡2교남측,주곡2교북측,26.0,1,N,,,10,도시고속,Y
평택-시흥고속국도,2333343800,2330154200,2330154300,주곡2교북측,주곡3교남측,125.0,1,N,,,10,도시고속,Y
평택-시흥고속국도,2333343900,2330154300,2330154400,주곡3교남측,주곡3교북측,25.0,1,N,,,10,도시고속,Y
인촌로,1070004300,1050026100,1070001700,고대앞사거리,안암역,305.0,1,Y,105,동대문구,20,시내,Y
삼성로,1220026600,1220037400,1220034700,포스코사거리,대치사거리,453.0,3,Y,122,강남구,20,시내,Y
평택-시흥고속국도,2240157100,2240059800,2170065000,신길교북측,안산-시흥경계,84.0,1,N,,,10,도시고속,Y
평택-시흥고속국도,2240157200,2240060300,2240060400,거모6교북측,군자JC,2343.0,1,N,,,10,도시고속,Y
평택-시흥고속국도,2240157300,2240059900,2240059800,정왕TG,신길교북측,1042.0,1,N,,,10,도시고속,Y
평택-시흥고속국도,2240157400,2240060000,2240059900,거모5교남측,정왕TG,495.0,1,N,,,10,도시고속,Y
평택-시흥고속국도,2240157500,2240060100,2240060000,거모5교북측,거모5교남측,34.0,1,N,,,10,도시고속,Y
평택-시흥고속국도,2240157700,2240060300,2240060200,거모6교북측,거모6교남측,21.0,1,N,,,10,도시고속,Y
평택-시흥고속국도,2240157800,2240060400,2240060300,군자JC,거모6교북측,2286.0,1,N,,,10,도시고속,Y
평택-시흥고속국도,2240157900,2240059800,2240059900,신길교북측,정왕TG,1046.0,1,N,,,10,도시고속,Y
평택-시흥고속국도,2240158000,2240059900,2240060000,정왕TG,거모5교남측,497.0,1,N,,,10,도시고속,Y
평택-시흥고속국도,2240158100,2240060000,2240060100,거모5교남측,거모5교북측,34.0,1,N,,,10,도시고속,Y
평택-시흥고속국도,2240158300,2240060200,2240060300,거모6교남측,거모6교북측,21.0,1,N,,,10,도시고속,Y
영동고속도로,2250001300,2250000400,2250000700,둔대JC 동측(영동선 본선),군포IC 서측(본선),910.0,1,N,,,10,도시고속,Y
영동고속도로,2250001400,2250000700,2250000400,군포IC 서측(본선),둔대JC 동측(영동선 본선),908.0,1,N,,,10,도시고속,Y
영동고속도로,2250002500,2250000800,2250000700,군포IC 동측(본선),군포IC 서측(본선),502.0,1,N,,,10,도시고속,Y
영동고속도로,2250002600,2250000700,2250000800,군포IC 서측(본선),군포IC 동측(본선),501.0,1,N,,,10,도시고속,Y
영동고속도로,2250002701,2250001000,2260000600,동군포IC,부곡IC 서측(본선),1585.0,1,N,,,10,도시고속,Y
영동고속도로,2250003100,2250000800,2250001000,군포IC 동측(본선),동군포IC,1537.0,1,N,,,10,도시고속,Y
영동고속도로,2250003200,2250001000,2250000800,동군포IC,군포IC 동측(본선),1543.0,1,N,,,10,도시고속,Y
제1순환고속도로,2250008700,2080000300,2250003800,산본IC 동측(본선),산본IC 서측(본선),857.0,1,N,,,10,도시고속,Y
제1순환고속도로,2250008800,2250003800,2080000300,산본IC 서측(본선),산본IC 동측(본선),865.0,1,N,,,10,도시고속,Y
과천-의왕간고속화도로,2260000200,2010003500,2260000100,-,월암IC 남측(본선),189.0,,N,,,20,시내,Y
과천-의왕간고속화도로,2260000600,2260000400,2260000100,월암IC 북측(본선),월암IC 남측(본선),413.0,,N,,,20,시내,Y
과천-의왕간고속화도로,2260000700,2260000100,2260000400,월암IC 남측(본선),월암IC 북측(본선),415.0,,N,,,20,시내,Y
과천-의왕간고속화도로,2260000900,2260000800,2260000400,신부곡IC 남측(본선),월암IC 북측(본선),2493.0,,N,,,20,시내,Y
과천-의왕간고속화도로,2260001000,2260000400,2260000800,월암IC 북측(본선),신부곡IC 남측(본선),2495.0,,N,,,20,시내,Y
영동고속도로,2260001500,2260000600,2260000500,부곡IC 서측(본선),부곡IC 동측(본선),635.0,1,N,,,10,도시고속,Y
과천-의왕간고속화도로,2260002800,2260000800,2260001300,신부곡IC 남측(본선),신부곡IC 북측(본선),936.0,,N,,,20,시내,Y
과천-의왕간고속화도로,2260003500,2260001600,2260001300,의왕IC 남측(본선),신부곡IC 북측(본선),404.0,,N,,,20,시내,Y
과천-의왕간고속화도로,2260003600,2260001300,2260001600,신부곡IC 북측(본선),의왕IC 남측(본선),405.0,,N,,,20,시내,Y
과천-의왕간고속화도로,2260004400,2260001800,2260001600,의왕IC 북측(본선),의왕IC 남측(본선),775.0,,N,,,20,시내,Y
과천-의왕간고속화도로,2260004500,2260001600,2260001800,의왕IC 남측(본선),의왕IC 북측(본선),775.0,,N,,,20,시내,Y
과천-의왕간고속화도로,2260005802,2260027500,2260002800,의왕 T/G,의왕터널,2000.0,,N,,,20,시내,Y
과천-의왕간고속화도로,2260005901,2260027500,2260001800,의왕 T/G,의왕IC 북측(본선),597.0,,N,,,20,시내,Y
과천-의왕간고속화도로,2260006800,2260002800,2260003000,의왕터널,의왕터널,658.0,,N,,,20,시내,Y
과천-의왕간고속화도로,2260007200,2260003000,2260003100,의왕터널,-,558.0,,N,,,20,시내,Y
과천-의왕간고속화도로,2260007300,2260003100,2260003000,-,의왕터널,558.0,,N,,,20,시내,Y
과천-의왕간고속화도로,2260007400,2260003100,2260003300,-,-,627.0,,N,,,20,시내,Y
과천-의왕간고속화도로,2260008000,2260003300,2260003700,-,학의JC 남측(과천~고색간 연결로,510.0,,N,,,20,시내,Y
제1순환고속도로,2260008201,2260003800,2090001700,학의JC 서측(본선),평촌IC,3181.0,1,N,,,10,도시고속,Y
과천-의왕간고속화도로,2260008400,2260003700,2260004100,학의JC 남측(과천~고색간 연결로,학의JC 북측(과천~고색간 연결로,1510.0,,N,,,20,시내,Y
과천-의왕간고속화도로,2260008500,2260004100,2260003700,학의JC 북측(과천~고색간 연결로,학의JC 남측(과천~고색간 연결로,1510.0,,N,,,20,시내,Y
제1순환고속도로,2260008600,2260004000,2260003800,학의JC 동측(본선),학의JC 서측(본선),1188.0,1,N,,,10,도시고속,Y
제1순환고속도로,2260010000,2260004000,2260004301,학의JC 동측(본선),청계T/G,1643.0,1,N,,,10,도시고속,Y
제1순환고속도로,2260010100,2260004301,2260004000,청계T/G,학의JC 동측(본선),1649.0,1,N,,,10,도시고속,Y
공원로,1160074200,1160043100,1160039000,스카이뷰아파트,미래초교,366.0,1,Y,116,구로구,20,시내,Y
공원로,1160013003,1160028600,1160031200,태진운수,한스타워,172.0,1,Y,116,구로구,20,시내,Y
공원로,1160074300,1160039000,1160043100,미래초교,스카이뷰아파트,365.0,1,Y,116,구로구,20,시내,Y
공원로,1160012901,1160026800,1160003900,신구로주유소_거리공원,거리공원오거리,78.0,1,Y,116,구로구,20,시내,Y
공원로,1160012902,1160029200,1160026800,시립구로도서관,신구로주유소_거리공원,118.0,1,Y,116,구로구,20,시내,Y
공원로,1160012903,1160030800,1160029200,새솔금호아파트,시립구로도서관,130.0,1,Y,116,구로구,20,시내,Y
공원로,1160012904,1160032100,1160030800,거리공원_거리공원길_진,새솔금호아파트,87.0,1,Y,116,구로구,20,시내,Y
공원로,1160012905,1160033100,1160032100,구로거리공원서,거리공원_거리공원길_진,50.0,1,Y,116,구로구,20,시내,Y
공원로,1160013002,1160027500,1160028600,거리공원오거리,태진운수,76.0,1,Y,116,구로구,20,시내,Y
공원로,1160013004,1160031200,1160033000,한스타워,거리공원길_진출로,90.0,1,Y,116,구로구,20,시내,Y
공원로,1160013005,1160033000,1160033200,거리공원길_진출로,구로거리공원동,48.0,1,Y,116,구로구,20,시내,Y
공원로,1160014901,1160033300,1160033100,거리공원_거리공원길_진,구로거리공원서,49.0,1,Y,116,구로구,20,시내,Y
공원로,1160014902,1160037500,1160033300,미래초교_거리공원길_진,거리공원_거리공원길_진,264.0,1,Y,116,구로구,20,시내,Y
공원로,1160014903,1160039000,1160037500,미래초교,미래초교_거리공원길_진,127.0,1,Y,116,구로구,20,시내,Y
제1순환고속도로,2260010601,2260004301,2040000100,청계T/G,판교JC 서측(서울외곽순환선),6119.0,1,N,,,10,도시고속,Y
제1순환고속도로,2260010701,2040000100,2260004301,판교JC 서측(서울외곽순환선),청계T/G,6114.0,1,N,,,10,도시고속,Y
과천-의왕간고속화도로,2260012100,2260004100,2260005300,학의JC 북측(과천~고색간 연결로,-,756.0,,N,,,20,시내,Y
과천-의왕간고속화도로,2260012200,2260005300,2260005400,-,-,529.0,,N,,,20,시내,Y
과천-의왕간고속화도로,2260012300,2260005400,2260005300,-,-,531.0,,N,,,20,시내,Y
중부고속도로본선 동서울TG→하남IC,2270000904,2270024800,2270001300,하남IC검단로진출,하남IC 남측(본선),387.0,,N,,,20,시내,Y
중부고속도로,2270001002,2270001301,2270000100,동서울T/G,산곡JC 북측(본선),3963.0,1,N,,,10,도시고속,Y
중부고속도로본선 하남IC→동서울TG,2270001004,2270001300,2270024800,하남IC 남측(본선),하남IC검단로진출,385.0,,N,,,20,시내,Y
제1순환고속도로,2270002000,2270000400,2270000500,서하남IC 서측(본선),서하남IC 동측(본선),544.0,1,N,,,10,도시고속,Y
제1순환고속도로,2270002301,2270011300,2270000500,-,서하남IC 동측(본선),4343.0,1,N,,,10,도시고속,Y
제1순환고속도로,2270002401,2270000500,2270001900,서하남IC 동측(본선),하남JC남측(서울외곽순환),4326.0,1,N,,,10,도시고속,Y
중부고속도로본선 하남TG→하남IC,2270004600,2270002000,2270001300,하남IC,하남IC 남측(본선),593.0,,N,,,20,시내,Y
중부고속도로본선 하남JC→하남휴게소,2270005401,2270002200,2270002201,하남JC 동측(중부선 본선),동서울만남휴게소,649.0,,N,,,20,시내,Y
중부고속도로본선 하남휴게소→하남TG,2270005402,2270002201,2270002000,동서울만남휴게소,하남IC,652.0,,N,,,20,시내,Y
제1순환고속도로,2270005800,2270002400,2270011300,하남JC 서측(중부선 본선),-,577.0,1,N,,,10,도시고속,Y
중부고속도로 하남방향→제1순환고속도로 판교방향 연결램프,2270006000,2270002200,2270011300,하남JC 동측(중부선 본선),-,743.0,,N,,,20,시내,Y
제1순환고속도로 구리방향→중부고속도로 호법JC방향 연결램프,2270006100,2270001900,2270002200,하남JC남측(서울외곽순환),하남JC 동측(중부선 본선),629.0,,N,,,20,시내,Y
제1순환고속도로,2270007100,2270004100,2270002400,상일IC 남측(외곽순환선 판교방면),하남JC 서측(중부선 본선),1680.0,1,N,,,10,도시고속,Y
제1순환고속도로,2270007200,2270002400,2270004100,하남JC 서측(중부선 본선),상일IC 남측(외곽순환선 판교방면),1671.0,1,N,,,10,도시고속,Y
천호대로,2270008500,2270003500,2270003800,초이동,상일동동아아파트입구,864.0,1,Y,124,강동구,20,시내,Y
천호대로,2270008600,2270003800,2270003500,상일동동아아파트입구,초이동,864.0,1,Y,124,강동구,20,시내,Y
천호대로,2270009000,2270003800,2270003900,상일동동아아파트입구,시계(천호대로),207.0,1,Y,124,강동구,20,시내,Y
천호대로,2270009100,2270003900,2270003800,시계(천호대로),상일동동아아파트입구,207.0,1,Y,124,강동구,20,시내,Y
천호대로,2270009200,1240018600,2270003900,상일초교,시계(천호대로),56.0,1,Y,124,강동구,20,시내,Y
제1순환고속도로,2270010200,2270004100,1240001300,상일IC 남측(외곽순환선 판교방면),상일IC북측,853.0,2,N,,,10,도시고속,Y
제1순환고속도로,2270010300,1240001300,2270004100,상일IC북측,상일IC 남측(외곽순환선 판교방면),853.0,2,N,,,10,도시고속,Y
조정대로,2270010400,2270004400,2270004500,상일IC동측,풍산사거리,34.0,,N,,,20,시내,N
조정대로,2270010500,2270004500,2270004400,풍산사거리,상일IC동측,34.0,,N,,,20,시내,N
경부고속도로,2280029100,2280011900,2280013200,기흥IC 남측(본선),기흥IC 북측(본선),372.0,,N,,,10,도시고속,Y
경부고속도로,2280029200,2280013200,2280011900,기흥IC 북측(본선),기흥IC 남측(본선),372.0,,N,,,10,도시고속,Y
영동고속도로,2280043000,2280019400,2280018500,양지IC 동측(본선),양지IC 서측(본선),697.0,1,N,,,10,도시고속,Y
영동고속도로,2280043201,2280022501,2280022500,용인휴게소,용인IC 동측(본선),1985.0,1,N,,,10,도시고속,Y
영동고속도로,2280043202,2280018500,2280022501,양지IC 서측(본선),용인휴게소,5444.0,1,N,,,10,도시고속,Y
영동고속도로,2280043301,2280022500,2280022502,용인IC 동측(본선),용인휴게소,3318.0,1,N,,,10,도시고속,Y
영동고속도로,2280043302,2280022502,2280018500,용인휴게소,양지IC 서측(본선),4114.0,1,N,,,10,도시고속,Y
경부고속도로,2280046200,2280013200,2280024200,기흥IC 북측(본선),수원IC 남측(본선),4496.0,,N,,,10,도시고속,Y
경부고속도로,2280046301,2280024200,2280013201,수원IC 남측(본선),기흥휴게소,3630.0,,N,,,10,도시고속,Y
영동고속도로,2280052400,2280022800,2280022500,용인IC 서측(본선),용인IC 동측(본선),586.0,1,N,,,10,도시고속,Y
영동고속도로,2280052500,2280022500,2280022800,용인IC 동측(본선),용인IC 서측(본선),586.0,1,N,,,10,도시고속,Y
영동고속도로,2280054600,2280022800,2280024600,용인IC 서측(본선),마성IC 남측 분기점,1640.0,1,N,,,10,도시고속,Y
영동고속도로,2280054700,2280024600,2280022800,마성IC 남측 분기점,용인IC 서측(본선),1642.0,1,N,,,10,도시고속,Y
경부고속도로,2280057500,2280024200,2280026500,수원IC 남측(본선),수원IC 북측(본선),560.0,,N,,,10,도시고속,Y
영동고속도로,2280059801,2280029400,2280024600,마성IC 서측 분기점,마성IC 남측 분기점,4047.0,1,N,,,10,도시고속,Y
경부고속도로,2280064500,2280026500,2280029000,수원IC 북측(본선),신갈JC 남측(경부선 본선),1748.0,,N,,,10,도시고속,Y
경부고속도로,2280064600,2280029000,2280026500,신갈JC 남측(경부선 본선),수원IC 북측(본선),1748.0,,N,,,10,도시고속,Y
영동고속도로,2280067800,2280029700,2280029400,신갈JC 동측(영동선 본선),마성IC 서측 분기점,4137.0,1,N,,,10,도시고속,Y
경부고속도로,2280067900,2280030000,2280029000,신갈JC 북측(경부선 본선),신갈JC 남측(경부선 본선),1197.0,,N,,,10,도시고속,Y
경부고속도로,2280068000,2280029000,2280030000,신갈JC 남측(경부선 본선),신갈JC 북측(경부선 본선),1197.0,,N,,,10,도시고속,Y
영동고속도로,2280068300,2280029600,2280029700,신갈JC 서측(영동선 본선),신갈JC 동측(영동선 본선),941.0,1,N,,,10,도시고속,Y
영동고속도로,2280068400,2280029700,2280029600,신갈JC 동측(영동선 본선),신갈JC 서측(영동선 본선),939.0,1,N,,,10,도시고속,Y
경부고속도로,2280071601,2280030001,2060002901,죽전휴게소,서울T/G,3286.0,,N,,,10,도시고속,Y
공원로,1160015002,1160033600,1160035500,거리공원길_진입로,산업안전협회,148.0,1,Y,116,구로구,20,시내,Y
공원로,1160015001,1160033200,1160033600,구로거리공원동,거리공원길_진입로,49.0,1,Y,116,구로구,20,시내,Y
공원로,1160015003,1160035500,1160039000,산업안전협회,미래초교,243.0,1,Y,116,구로구,20,시내,Y
공원로,1160013001,1160003900,1160027500,거리공원오거리,거리공원오거리,83.0,1,Y,116,구로구,20,시내,Y
농수산시장로,1130005103,1130036300,1130037800,평화의공원입구삼거리,마포농수산물시장,248.0,1,Y,113,마포구,20,시내,Y
농수산시장로,1130005002,1130036300,1130034500,평화의공원입구삼거리,내부순환입구교차로,213.0,1,Y,113,마포구,20,시내,Y
농수산시장로,1130005003,1130037800,1130036300,마포농수산물시장,평화의공원입구삼거리,248.0,1,Y,113,마포구,20,시내,Y
농수산시장로,1130005102,1130034600,1130036300,내부순환입구교차로,평화의공원입구삼거리,211.0,1,Y,113,마포구,20,시내,Y
상암산로,1130025000,1130007300,1130045800,디지털미디어시티입구,월드컵파크4단지,264.0,1,Y,113,마포구,20,시내,Y
상암산로,1130072100,1130048700,1130047500,MBC미디어센터,디지털미디어시티,342.0,1,Y,113,마포구,20,시내,Y
상암산로,1130026302,1130047500,1130047100,디지털미디어시티,DMC 이안상암1단지,91.0,1,Y,113,마포구,20,시내,Y
경부고속도로,2280071602,2280030000,2280030001,신갈JC 북측(경부선 본선),죽전휴게소,4478.0,,N,,,10,도시고속,Y
용인서울고속도로,2280216000,2280076100,2280076000,원천지하차도,흥덕IC,833.0,1,N,,,10,도시고속,Y
용인서울고속도로,2280216100,2280076000,2280076100,흥덕IC,원천지하차도,839.0,1,N,,,10,도시고속,Y
용인서울고속도로,2280216200,2280076200,2030014900,원천지하차도,광교IC,989.0,1,N,,,10,도시고속,Y
용인서울고속도로,2280216500,2280077100,2280077000,고기터널,고기터널,871.0,1,N,,,10,도시고속,Y
용인서울고속도로,2280216600,2280077000,2280077100,고기터널,고기터널,883.0,1,N,,,10,도시고속,Y
용인서울고속도로,2280216900,2280076800,2280076500,서수지영업소,서수지IC,917.0,1,N,,,10,도시고속,Y
용인서울고속도로,2280217100,2280076500,2280076800,서수지IC,서수지영업소,919.0,1,N,,,10,도시고속,Y
경부고속도로,2280251100,2280098200,2280011900,기흥동탄IC,기흥IC 남측(본선),301.0,,N,,,10,도시고속,Y
경부고속도로,2280251400,2280098200,2330159900,기흥동탄IC,기흥동탄IC,605.0,,N,,,10,도시고속,Y
영동고속도로,2300019200,2300008700,2300008500,호법JC 서측(영동선 본선),호법JC 동측(영동선 본선),1261.0,1,N,,,10,도시고속,Y
영동고속도로,2300019300,2300008500,2300008700,호법JC 동측(영동선 본선),호법JC 서측(영동선 본선),1254.0,1,N,,,10,도시고속,Y
중부고속도로,2300019500,2300009800,2300008300,호법JC 북측(중부선 본선),호법JC 남측(중부선 본선),1333.0,1,N,,,10,도시고속,Y
영동고속도로,2300020401,2300010500,2300008500,이천IC 서측(본선),호법JC 동측(영동선 본선),5645.0,1,N,,,10,도시고속,Y
영동고속도로,2300021201,2300009700,2300008700,덕평IC 동측(본선),호법JC 서측(영동선 본선),4885.0,1,N,,,10,도시고속,Y
영동고속도로,2300022400,2300009700,2300009900,덕평IC 동측(본선),덕평IC 서측(본선),456.0,1,N,,,10,도시고속,Y
영동고속도로,2300022500,2300009900,2300009700,덕평IC 서측(본선),덕평IC 동측(본선),470.0,1,N,,,10,도시고속,Y
영동고속도로,2300023401,2370005602,2300010100,여주휴게소,이천IC 동측(본선),5722.0,1,N,,,10,도시고속,Y
영동고속도로,2300023402,2370005600,2370005602,여주JC 서측(영동선 본선),여주휴게소,1691.0,1,N,,,10,도시고속,Y
영동고속도로,2300023501,2300010100,2370005601,이천IC 동측(본선),여주휴게소,6625.0,1,N,,,10,도시고속,Y
영동고속도로,2300023502,2370005601,2370005600,여주휴게소,여주JC 서측(영동선 본선),783.0,1,N,,,10,도시고속,Y
영동고속도로,2300024000,2300010500,2300010100,이천IC 서측(본선),이천IC 동측(본선),598.0,1,N,,,10,도시고속,Y
중부고속도로,2300026200,2300009800,2300012200,호법JC 북측(중부선 본선),마장JC 남측(중부선 본선),1547.0,1,N,,,10,도시고속,Y
중부고속도로,2300026300,2300012200,2300009800,마장JC 남측(중부선 본선),호법JC 북측(중부선 본선),1540.0,1,N,,,10,도시고속,Y
영동고속도로,2300027001,2280019400,2300009900,양지IC 동측(본선),덕평IC 서측(본선),6327.0,1,N,,,10,도시고속,Y
영동고속도로,2300027101,2300009900,2280019400,덕평IC 서측(본선),양지IC 동측(본선),6345.0,1,N,,,10,도시고속,Y
중부고속도로,2300029200,2300013300,2300012200,마장JC 북측(제2중부선 연결로),마장JC 남측(중부선 본선),307.0,1,N,,,10,도시고속,Y
중부고속도로,2300029300,2300012200,2300013300,마장JC 남측(중부선 본선),마장JC 북측(제2중부선 연결로),306.0,1,N,,,10,도시고속,Y
중부고속도로,2300032802,2300013301,2300013300,이천휴게소,마장JC 북측(제2중부선 연결로),1177.0,1,N,,,10,도시고속,Y
중부고속도로,2300032900,2300013300,2300015300,마장JC 북측(제2중부선 연결로),서이천IC 남측(본선),2811.0,1,N,,,10,도시고속,Y
중부고속도로,2300036000,2300016500,2300015300,서이천IC 북측(본선),서이천IC 남측(본선),702.0,1,N,,,10,도시고속,Y
중부고속도로,2300036100,2300015300,2300016500,서이천IC 남측(본선),서이천IC 북측(본선),702.0,1,N,,,10,도시고속,Y
제2중부고속도로,2300037801,2270000100,2300013300,산곡JC 북측(본선),마장JC 북측(제2중부선 연결로),30821.0,1,N,,,10,도시고속,Y
제2중부고속도로,2300038102,2300013300,2300016501,마장JC 북측(제2중부선 연결로),이천휴게소,4844.0,1,N,,,10,도시고속,Y
중부고속도로,2300041201,2300016500,2340001700,서이천IC 북측(본선),곤지암IC 남측(본선),9925.0,1,N,,,10,도시고속,Y
중부고속도로,2300041301,2340001700,2300016500,곤지암IC 남측(본선),서이천IC 북측(본선),9930.0,1,N,,,10,도시고속,Y
경부고속도로,2310007300,2310003200,2310002700,안성IC 북측(본선),안성IC 남측(본선),602.0,,N,,,10,도시고속,Y
경부고속도로,2310007400,2310002700,2310003200,안성IC 남측(본선),안성IC 북측(본선),602.0,,N,,,10,도시고속,Y
평택음성고속도로,2310026700,2310012000,2310012700,서안성IC 동측(본선),서안성IC 서측(본선),590.0,1,N,,,10,도시고속,Y
경부고속도로,2310027700,2140014600,2310014000,안성JC 남측(경부선 본선),안성JC 북측(경부선 본선),963.0,,N,,,10,도시고속,Y
경부고속도로,2310027800,2310014000,2140014600,안성JC 북측(경부선 본선),안성JC 남측(경부선 본선),963.0,,N,,,10,도시고속,Y
평택음성고속도로,2310028100,2310012500,2140015500,송탄IC 동측(본선),송탄IC 서측(본선),631.0,1,N,,,10,도시고속,Y
평택음성고속도로,2310028200,2140015500,2310012500,송탄IC 서측(본선),송탄IC 동측(본선),631.0,1,N,,,10,도시고속,Y
평택음성고속도로,2310028700,2310012800,2310013300,안성JC 서측(평택음성선 본선),안성JC 동측(평택음성선 본선),1166.0,1,N,,,10,도시고속,Y
평택음성고속도로,2310028800,2310013300,2310012800,안성JC 동측(평택음성선 본선),안성JC 서측(평택음성선 본선),1168.0,1,N,,,10,도시고속,Y
평택음성고속도로,2310029101,2310013300,2310012700,안성JC 동측(평택음성선 본선),서안성IC 서측(본선),1136.0,1,N,,,10,도시고속,Y
중부고속도로,2310050900,2310022100,2310021600,일죽IC 북측(본선),일죽IC 남측(본선),577.0,1,N,,,10,도시고속,Y
중부고속도로,2310051000,2310021600,2310022100,일죽IC 남측(본선),일죽IC 북측(본선),577.0,1,N,,,10,도시고속,Y
중부고속도로,2310052701,2300008300,2310022100,호법JC 남측(중부선 본선),일죽IC 북측(본선),15711.0,1,N,,,10,도시고속,Y
중부고속도로,2310052801,2310022100,2300008300,일죽IC 북측(본선),호법JC 남측(중부선 본선),15707.0,1,N,,,10,도시고속,Y
평택음성고속도로,2310207500,2310012000,2310077700,서안성IC 동측(본선),남안성IC,9483.0,1,N,,,10,도시고속,Y
상암산로,1130026401,1130045800,1130047100,월드컵파크4단지,DMC 이안상암1단지,220.0,1,Y,113,마포구,20,시내,Y
상암산로,1130026301,1130047100,1130045800,DMC 이안상암1단지,월드컵파크4단지,220.0,1,Y,113,마포구,20,시내,Y
상암산로,1130026402,1130047100,1130047500,DMC 이안상암1단지,디지털미디어시티,91.0,1,Y,113,마포구,20,시내,Y
상암산로,1130024900,1130045800,1130007300,월드컵파크4단지,디지털미디어시티입구,264.0,1,Y,113,마포구,20,시내,Y
상암산로,1130072000,1130047500,1130048700,디지털미디어시티,MBC미디어센터,342.0,1,Y,113,마포구,20,시내,Y
노해로66길,1090003300,1090001700,1090006300,창일중학교,녹천지하보차도,469.0,1,Y,109,도봉구,20,시내,Y
노해로66길,1090005000,1090001700,1090007900,창일중학교,이마트,215.0,1,Y,109,도봉구,20,시내,Y
노해로66길,1090003400,1090006300,1090001700,녹천지하보차도,창일중학교,469.0,1,Y,109,도봉구,20,시내,Y
노해로66길,1090004900,1090007900,1090001700,이마트,창일중학교,217.0,1,Y,109,도봉구,20,시내,Y
도영로,1180050800,1160043600,1180018500,신도림역교차로,신도림역입구,62.0,1,Y,118,영등포구,20,시내,Y
도영로,1180063600,1180022400,1180023500,영등포 푸르지오,대우드림타운,404.0,1,Y,118,영등포구,20,시내,Y
도영로,1180051500,1180018500,1180018900,신도림역입구,대방교,89.0,1,Y,118,영등포구,20,시내,Y
도영로,1180061700,1180023500,1180022300,대우드림타운,대우드림빌앞,196.0,1,Y,118,영등포구,20,시내,Y
평택음성고속도로,2310236000,2310098900,2310099200,휴게소,남안성IC,2179.0,1,N,,,10,도시고속,Y
평택음성고속도로,2310236200,2310099200,2310098900,남안성IC,휴게소,2182.0,1,N,,,10,도시고속,Y
평택음성고속도로,2310236600,2310098900,2310099100,휴게소,금광1터널,2247.0,1,N,,,10,도시고속,Y
평택음성고속도로,2310236700,2310099100,2310098900,금광1터널,휴게소,2241.0,1,N,,,10,도시고속,Y
평택음성고속도로,2310236800,2310099100,2310099300,금광1터널,금광1터널,810.0,1,N,,,10,도시고속,Y
평택음성고속도로,2310237000,2790031700,2310099000,안진터널,안진터널,2396.0,1,N,,,10,도시고속,Y
평택음성고속도로,2310237200,2310099700,2310099000,금광3터널,안진터널,4515.0,1,N,,,10,도시고속,Y
평택음성고속도로,2310237400,2310099700,2310099600,금광3터널,금광3터널,527.0,1,N,,,10,도시고속,Y
평택음성고속도로,2310237500,2310099600,2310099700,금광3터널,금광3터널,519.0,1,N,,,10,도시고속,Y
평택음성고속도로,2310237600,2310099300,2310099400,금광1터널,금광2터널,1763.0,1,N,,,10,도시고속,Y
평택음성고속도로,2310237800,2310099600,2310099500,금광3터널,금광2터널,804.0,1,N,,,10,도시고속,Y
평택음성고속도로,2310237900,2310099500,2310099400,금광2터널,금광2터널,376.0,1,N,,,10,도시고속,Y
제1순환고속도로,2320001900,2320000900,2320000901,김포IC 남측(본선),김포T/G,507.0,1,N,,,10,도시고속,Y
제1순환고속도로,2320002000,2320000901,2320000900,김포T/G,김포IC 남측(본선),506.0,1,N,,,10,도시고속,Y
제1순환고속도로,2320003100,2320000900,2320001300,김포IC 남측(본선),김포IC 북측(본선),754.0,1,N,,,10,도시고속,Y
제1순환고속도로,2320004701,2180002100,2320001300,자유로IC,김포IC 북측(본선),2387.0,1,N,,,10,도시고속,Y
제1순환고속도로,2320004801,2320001300,2180002100,김포IC 북측(본선),자유로IC,2392.0,1,N,,,10,도시고속,Y
서해안고속도로,2330014600,2330006300,2330005100,발안IC 북측(본선),발안IC 남측(본선),798.0,1,N,,,10,도시고속,Y
서해안고속도로,2330025302,2330006300,2330006302,발안IC 북측(본선),화성휴게소,2203.0,1,N,,,10,도시고속,Y
서해안고속도로,2330025401,2330024200,2330006301,비봉IC 남측(본선),화성휴게소,11212.0,1,N,,,10,도시고속,Y
서해안고속도로,2330025402,2330006301,2330006300,화성휴게소,발안IC 북측(본선),1420.0,1,N,,,10,도시고속,Y
경부고속도로,2330025903,2330120400,2330120000,동탄JC 북측(경부선),동탄JC 남측(경부선),948.0,,N,,,10,도시고속,Y
경부고속도로,2330026002,2230001800,2330120000,오산IC 북측(본선),동탄JC 남측(경부선),3308.0,,N,,,10,도시고속,Y
과천~봉담간,2330052102,2330026500,2330121600,진천IC 북측(본선),봉담IC 북측,1561.0,,N,,,20,시내,Y
중부내륙고속도로,2370189400,2370086400,2370086300,금사5터널,금사5터널,1886.0,1,N,,,10,도시고속,Y
중부내륙고속도로,2370189500,2370086400,2400098600,금사5터널,강상1터널,602.0,1,N,,,10,도시고속,Y
서울춘천고속도로,2390106300,2500072100,2390044500,강촌IC서측(본선),청평IC북측(본선),13538.0,1,N,,,10,도시고속,Y
서울춘천고속도로,2390106400,2390044500,2500072100,청평IC북측(본선),강촌IC서측(본선),13535.0,1,N,,,10,도시고속,Y
중부내륙고속도로,2400217100,2400099800,2400099700,양평IC,양평IC,630.0,1,N,,,10,도시고속,Y
중부내륙고속도로,2400217200,2400099800,2400099600,양평IC,양평요금소,445.0,1,N,,,10,도시고속,Y
중부내륙고속도로,2400217300,2400099600,2400099800,양평요금소,양평IC,444.0,1,N,,,10,도시고속,Y
중부내륙고속도로,2400217500,2400099500,2400099600,양평IC,양평요금소,273.0,1,N,,,10,도시고속,Y
중부내륙고속도로,2400218000,2400098900,2400099000,강상2터널,교량,4929.0,1,N,,,10,도시고속,Y
중부내륙고속도로,2400218100,2400099000,2400098900,교량,강상2터널,4931.0,1,N,,,10,도시고속,Y
중부내륙고속도로,2400218200,2400099700,2400099100,양평IC,교량,1242.0,1,N,,,10,도시고속,Y
중부내륙고속도로,2400218300,2400099100,2400099700,교량,양평IC,1246.0,1,N,,,10,도시고속,Y
중부내륙고속도로,2400218500,2400099000,2400099100,교량,교량,822.0,1,N,,,10,도시고속,Y
중부내륙고속도로,2400218600,2400098600,2400098700,강상1터널,강상1터널,1378.0,1,N,,,10,도시고속,Y
중부내륙고속도로,2400218700,2400098700,2400098600,강상1터널,강상1터널,1380.0,1,N,,,10,도시고속,Y
중부내륙고속도로,2400218800,2400098700,2400098800,강상1터널,강상2터널,102.0,1,N,,,10,도시고속,Y
중부내륙고속도로,2400218900,2400098800,2400098700,강상2터널,강상1터널,102.0,1,N,,,10,도시고속,Y
중부내륙고속도로,2400219100,2400098900,2400098800,강상2터널,강상2터널,1735.0,1,N,,,10,도시고속,Y
중부내륙고속도로,2400219200,2400099700,2400099800,양평IC,양평IC,839.0,1,N,,,10,도시고속,Y
중부고속도로,2810030901,2310021600,2810011001,일죽IC 남측(본선),음성휴게소,7825.0,1,N,,,10,도시고속,Y
중부고속도로,2810031001,2810011002,2310021600,음성휴게소,일죽IC 남측(본선),7832.0,1,N,,,10,도시고속,Y
중부내륙고속도로,2810042501,2810019300,2370005400,감곡IC,여주JC 남측(중부내륙선 본선),13411.0,1,N,,,10,도시고속,Y
경부고속도로,2850054405,2310002700,2850216200,안성IC 남측(본선),북천안IC,11028.0,,N,,,10,도시고속,Y
경부고속도로,2850054501,2850022701,2310002700,입장휴게소,안성IC 남측(본선),5974.0,,N,,,10,도시고속,Y
경부고속도로,2850054503,2850216200,2850022701,북천안IC,입장휴게소,4917.0,,N,,,10,도시고속,Y
서해안고속도로,3000039201,3000017701,2140007500,행담도휴게소,서평택IC 남측(본선),9333.0,1,N,,,10,도시고속,Y
서해안고속도로,3000039202,3000017300,3000017701,송악IC,행담도휴게소,2706.0,1,N,,,10,도시고속,Y
서해안고속도로,3000039301,2140007500,3000017702,서평택IC 남측(본선),행담도휴게소,9374.0,1,N,,,10,도시고속,Y
동부간선도로_월릉IC_진출입램프,3201500200,1100011200,1070032100,월릉IC(북부간선도로),북부간선도로-동부간선도로램프(,693.0,3,N,,,20,시내,Y
동부간선도로_월릉IC_진출입램프,3201500400,1060023600,1100012400,북부간선도로-동부간선도로램프(,월릉교동측,556.0,3,N,,,20,시내,Y
동부간선도로_월릉IC_진출입램프,3201500500,1100012400,1100014200,월릉교동측,북부간선도로-동부간선도로램프(,369.0,2,N,,,20,시내,Y
도영로,1180013501,1180018900,1180019300,대방교,도림청구아파트,143.0,1,Y,118,영등포구,20,시내,Y
도영로,1180060200,1180022300,1180021200,대우드림빌앞,도림고가밑,247.0,1,Y,118,영등포구,20,시내,Y
도영로,1180013402,1180021200,1180019300,도림고가밑,도림청구아파트,310.0,1,Y,118,영등포구,20,시내,Y
도영로,1180013502,1180019300,1180021200,도림청구아파트,도림고가밑,313.0,1,Y,118,영등포구,20,시내,Y
도영로,1180013401,1180019300,1180018900,도림청구아파트,대방교,144.0,1,Y,118,영등포구,20,시내,Y
도영로,1180060100,1180021200,1180022300,도림고가밑,대우드림빌앞,241.0,1,Y,118,영등포구,20,시내,Y
도영로,1180051600,1180018900,1180018500,대방교,신도림역입구,89.0,1,Y,118,영등포구,20,시내,Y
도영로,1180061600,1180022300,1180023500,대우드림빌앞,대우드림타운,196.0,1,Y,118,영등포구,20,시내,Y
도영로,1180050900,1180018500,1160043600,신도림역입구,신도림역교차로,62.0,1,Y,118,영등포구,20,시내,Y
도영로,1180063500,1180023500,1180022400,대우드림타운,영등포 푸르지오,390.0,1,Y,118,영등포구,20,시내,Y
동산로,1210009204,1210016400,1210016200,국악고교앞,신진빌딩,132.0,1,Y,121,서초구,20,시내,Y
동산로,1210009301,1210002500,1210015500,aT센터,양일초등학교,292.0,1,Y,121,서초구,20,시내,Y
동산로,1210009203,1210016200,1210016000,신진빌딩,금호빌딩,223.0,1,Y,121,서초구,20,시내,Y
동산로,1210009302,1210015500,1210016000,양일초등학교,금호빌딩,328.0,1,Y,121,서초구,20,시내,Y
동산로,1210009202,1210016000,1210015500,금호빌딩,양일초등학교,332.0,1,Y,121,서초구,20,시내,Y
동산로,1210009303,1210016000,1210016200,금호빌딩,신진빌딩,226.0,1,Y,121,서초구,20,시내,Y
동부간선도로_월릉IC_진출입램프,3201500600,1100014200,1100014100,북부간선도로-동부간선도로램프(,북부간선도로-동부간선도로램프(,249.0,1,N,,,20,시내,Y
도당로13길,3201500800,1090003800,1090015400,방학동새마을금고,신한은행방학지점,258.0,1,Y,109,도봉구,20,시내,Y
도당로13길,3201500900,1090015400,1090003800,신한은행방학지점,방학동새마을금고,264.0,1,Y,109,도봉구,20,시내,Y
도당로13길,3201501100,1090003800,1090004000,방학동새마을금고,방학중학교,359.0,1,Y,109,도봉구,20,시내,Y
중랑역로,3201501200,1060013800,1060004900,동부시장,태릉시장,660.0,2,Y,106,중랑구,20,시내,Y
중랑역로,3201501300,1060004900,1060013800,태릉시장,동부시장,675.0,2,Y,106,중랑구,20,시내,Y
면목로91길,3201501500,1060013000,1060013900,상봉2동주민센터,상봉역(7호선),522.0,1,N,106,중랑구,20,시내,N
망우로36길,3201501600,1060013000,1060013800,상봉2동주민센터,동부시장,284.0,1,Y,106,중랑구,20,시내,Y
망우로36길,3201501700,1060013800,1060013000,동부시장,상봉2동주민센터,292.0,1,Y,106,중랑구,20,시내,Y
동산로,1210009201,1210015500,1210002500,양일초등학교,aT센터,292.0,1,Y,121,서초구,20,시내,Y
동산로,1210009304,1210016200,1210016400,신진빌딩,국악고교앞,132.0,1,Y,121,서초구,20,시내,Y
풍성로,3201502300,1230011000,1230056100,풍납백제문화공원,영파여중고교,824.0,3,Y,123,송파구,20,시내,Y
토성로,3201502400,1230053600,1230010900,풍납사거리,풍납토성서성벽,848.0,3,Y,123,송파구,20,시내,Y
토성로,3201502500,1230010900,1230053600,풍납토성서성벽,풍납사거리,846.0,3,Y,123,송파구,20,시내,Y
한가람로,3201502800,1230011000,1230054600,풍납백제문화공원,올림픽대교남단,831.0,2,Y,123,송파구,20,시내,Y
한가람로,3201502900,1230054600,1230011000,올림픽대교남단,풍납백제문화공원,833.0,3,Y,123,송파구,20,시내,Y
올림픽로43길,3201503100,1230052800,1230054600,풍성중교,올림픽대교남단,929.0,3,Y,123,송파구,20,시내,Y
송이로,3201503200,1230002700,1230016700,문정중교,장지동주민센터,256.0,1,Y,123,송파구,20,시내,Y
송이로,3201503300,1230016700,1230002700,장지동주민센터,문정중교,256.0,1,Y,123,송파구,20,시내,Y
수유로,1080006001,1080001800,1080012900,수유일공원,성일빌딩,119.0,1,Y,108,강북구,20,시내,Y
바우뫼로,3201503700,1210015400,1210002900,한국교육개발원,KT연구개발본부,660.0,3,N,121,서초구,20,시내,N
바우뫼로,3201503800,1210020600,1210018900,영동2교교차로,교육개발원입구,571.0,1,Y,121,서초구,20,시내,Y
바우뫼로,3201504000,1210018900,1210016500,교육개발원입구,양재초교교차로,862.0,1,Y,121,서초구,20,시내,Y
바우뫼로,3201504100,1210016500,1210018900,양재초교교차로,교육개발원입구,861.0,1,Y,121,서초구,20,시내,Y
성덕정길,3201504200,1030001300,1030008600,뚝도시장,뚝도아리정수센터,974.0,2,Y,103,성동구,20,시내,Y
바우뫼로,3201504400,1210016500,1210002900,양재초교교차로,KT연구개발본부,118.0,2,Y,121,서초구,20,시내,Y
개봉로,3201504600,1160049400,2130013300,경서농협개봉역지점,개봉교사거리,685.0,5,Y,116,구로구,20,시내,Y
개봉로,3201504700,2130013300,1160049400,개봉교사거리,경서농협개봉역지점,685.0,5,Y,116,구로구,20,시내,Y
벚꽃로,3201504900,1170001700,1170009500,독산역,금천현대아파트,521.0,2,Y,117,금천구,20,시내,Y
월계로,1080001100,1070034200,1070032700,창문여고앞,방천시장입구,209.0,1,Y,107,성북구,20,시내,Y
도봉로8길,1080001300,1080005100,1070030800,삼양입구사거리,숭곡초교,872.0,3,Y,108,강북구,20,시내,Y
도봉로8길,1080001400,1070030800,1080005100,숭곡초교,삼양입구사거리,882.0,3,Y,107,성북구,20,시내,Y
오패산로,1080001500,1080000700,1070032700,송중동주민센터,방천시장입구,574.0,1,Y,108,강북구,20,시내,Y
오패산로,1080001600,1070032700,1080000700,방천시장입구,송중동주민센터,571.0,1,Y,107,성북구,20,시내,Y
월계로,1080001700,1080001100,1070034200,북서울꿈의숲,창문여고앞,1032.0,3,Y,108,강북구,20,시내,Y
오현로,1080001900,1080004600,1080000700,삼양입구사거리,송중동주민센터,360.0,1,Y,108,강북구,20,시내,Y
오현로,1080002000,1080000700,1080004600,송중동주민센터,삼양입구사거리,354.0,1,Y,108,강북구,20,시내,Y
솔샘로,1080002100,1080005200,1080005100,(구)코리아웨딩홀,삼양입구사거리,85.0,1,Y,108,강북구,20,시내,Y
솔샘로,1080002200,1080005100,1080005200,삼양입구사거리,(구)코리아웨딩홀,85.0,1,Y,108,강북구,20,시내,Y
솔샘로,1080002300,1080001000,1080005200,삼양입구사거리,(구)코리아웨딩홀,746.0,2,Y,108,강북구,20,시내,Y
솔샘로,1080002500,1080001200,1080001000,미양초교,삼양입구사거리,806.0,3,Y,108,강북구,20,시내,Y
솔샘로,1080002600,1080001000,1080001200,삼양입구사거리,미양초교,815.0,3,Y,108,강북구,20,시내,Y
도봉로,1080002700,1080008500,1080005100,미아역,삼양입구사거리,1059.0,3,Y,108,강북구,20,시내,Y
삼양로,1080002900,1080001300,1080001000,삼양시장,삼양입구사거리,658.0,1,Y,108,강북구,20,시내,Y
오현로,1080003100,1080001600,1080000700,강북구장애인종합복지관,송중동주민센터,1617.0,10,Y,108,강북구,20,시내,Y
오현로,1080003200,1080000700,1080001600,송중동주민센터,강북구장애인종합복지관,1626.0,10,Y,108,강북구,20,시내,Y
솔샘로67길,1080003300,1080001300,1080005200,삼양시장,(구)코리아웨딩홀,1514.0,2,Y,108,강북구,20,시내,Y
솔샘로67길,1080003400,1080005200,1080001300,(구)코리아웨딩홀,삼양시장,1521.0,2,Y,108,강북구,20,시내,Y
오패산로,1080003800,1080000700,1080014400,송중동주민센터,강북경찰서,2132.0,3,Y,108,강북구,20,시내,Y
인수봉로,1080003900,1080002200,1080001200,한신대,미양초교,1570.0,7,Y,108,강북구,20,시내,Y
인수봉로,1080004000,1080001200,1080002200,미양초교,한신대,1574.0,8,Y,108,강북구,20,시내,Y
삼양로,1080004300,1080001800,1080001300,수유일공원,삼양시장,678.0,6,Y,108,강북구,20,시내,Y
삼양로,1080004400,1080001300,1080001800,삼양시장,수유일공원,677.0,6,Y,108,강북구,20,시내,Y
한천로,1080004600,1080011800,1080012400,번동주공3단지,강북구민운동장,309.0,1,Y,108,강북구,20,시내,Y
오현로,1080004700,1080012400,1080001600,강북구민운동장,강북구장애인종합복지관,282.0,2,Y,108,강북구,20,시내,Y
오현로,1080004800,1080001600,1080012400,강북구장애인종합복지관,강북구민운동장,283.0,2,Y,108,강북구,20,시내,Y
수유로,1080028900,1080015300,1080014700,효성인텔리안,강북노인종합복지관,336.0,1,Y,108,강북구,20,시내,Y
수유로,1080006002,1080012900,1080002400,성일빌딩,원일빌딩,278.0,1,Y,108,강북구,20,시내,Y
수유로,1080008701,1080014700,1080002400,강북노인종합복지관,원일빌딩,126.0,1,Y,108,강북구,20,시내,Y
수유로,1080005902,1080002400,1080012900,원일빌딩,성일빌딩,272.0,1,Y,108,강북구,20,시내,Y
수유로,1080008801,1080002400,1080014700,원일빌딩,강북노인종합복지관,120.0,1,Y,108,강북구,20,시내,Y
수유로,1080005901,1080012900,1080001800,성일빌딩,수유일공원,114.0,1,Y,108,강북구,20,시내,Y
수유로,1080028800,1080014700,1080015300,강북노인종합복지관,효성인텔리안,326.0,1,Y,108,강북구,20,시내,Y
여의공원로,1180028902,1180042900,1180045100,한국방송공사앞,동아일보하단,288.0,1,Y,118,영등포구,20,시내,Y
도봉로,1080005100,1080014200,1080008500,수유사거리,미아역,977.0,5,Y,108,강북구,20,시내,Y
도봉로,1080005200,1080008500,1080014200,미아역,수유사거리,974.0,5,Y,108,강북구,20,시내,Y
한천로,1080005300,1080013500,1080012400,강북보건소,강북구민운동장,361.0,1,Y,108,강북구,20,시내,Y
삼양로,1080005800,1080001800,1080002300,수유일공원,화계사입구,358.0,2,Y,108,강북구,20,시내,Y
화계사길,1080006300,1080002200,1080013600,한신대,화계사,325.0,1,N,108,강북구,20,시내,N
덕릉로,1080006500,1080002300,1080002200,화계사입구,한신대,354.0,1,Y,108,강북구,20,시내,Y
덕릉로,1080006600,1080002200,1080002300,한신대,화계사입구,355.0,1,Y,108,강북구,20,시내,Y
한천로,1080006800,1080013500,1080002800,강북보건소,번동사거리,542.0,2,Y,108,강북구,20,시내,Y
덕릉로,1080007000,1080002300,1080002400,화계사입구,화계유치원,174.0,1,Y,108,강북구,20,시내,Y
덕릉로,1080007200,1080002400,1080014200,화계유치원,수유사거리,343.0,2,Y,108,강북구,20,시내,Y
덕릉로,1080007300,1080002600,1080014200,강북구선거관리위윈회,수유사거리,205.0,2,Y,108,강북구,20,시내,Y
덕릉로,1080007400,1080014200,1080002600,수유사거리,강북구선거관리위윈회,205.0,2,Y,108,강북구,20,시내,Y
목동중앙로,1140039500,1140012100,1140011900,신목동역,한신청구아파트앞,397.0,2,Y,114,양천구,20,시내,Y
목동중앙로,1140039600,1140037400,1140037600,목동초교,신목동역,86.0,1,Y,114,양천구,20,시내,Y
남부순환로,1140039800,1140036700,1150019200,화곡로입구,외발산사거리,1641.0,9,Y,114,양천구,20,시내,Y
안양천로,1140039900,1140038200,1140037600,양화교,신목동역,471.0,2,Y,114,양천구,20,시내,Y
안양천로,1140040000,1140037600,1150015900,신목동역,양화교,476.0,4,Y,114,양천구,20,시내,Y
안양천로,1140040200,1150015900,1150000200,양화교,안양천로_염창IC,343.0,3,Y,115,강서구,20,시내,Y
국회대로 지하차도,1140040700,1140030400,1140028300,목동지하차도(서측),화곡고가사거리,1395.0,1,Y,114,양천구,20,시내,Y
국회대로,1140041400,1140028900,1140029300,화곡고가사거리,양동초교입구,194.0,2,Y,114,양천구,20,시내,Y
공항대로,1150000300,1140039900,1150000100,등촌사거리,염창역,848.0,5,Y,114,양천구,20,시내,Y
공항대로,1150000500,1150023900,1140039900,등촌동현대아파트,등촌사거리,959.0,2,Y,115,강서구,20,시내,Y
공항대로,1150000900,1150025500,1150023900,강서구청입구,등촌동현대아파트,231.0,4,Y,115,강서구,20,시내,Y
여의공원로,1180034802,1180052800,1180051200,여의도지구대,국민건강보험공단,156.0,1,Y,118,영등포구,20,시내,Y
공항대로,1150001300,1150027800,1150025500,88체육관,강서구청입구,733.0,4,Y,115,강서구,20,시내,Y
양천로,1150001500,1150030400,1150026800,강서구청별관입구,증미역,524.0,1,Y,115,강서구,20,시내,Y
양천로,1150001600,1150026800,1150030400,증미역,강서구청별관입구,524.0,1,Y,115,강서구,20,시내,Y
공항대로,1150001700,1150029000,1150027800,발산역,88체육관,558.0,1,Y,115,강서구,20,시내,Y
공항대로,1150002000,1150029000,1150030800,발산역,마곡역,1013.0,5,Y,115,강서구,20,시내,Y
양천로,1150002200,1150030400,1150032100,강서구청별관입구,가양역,318.0,1,Y,115,강서구,20,시내,Y
올림픽대로,1150002300,1150035700,1150000500,가양대교남단,염창IC,1865.0,2,Y,115,강서구,10,도시고속,Y
올림픽대로,1150002400,1150026000,1150035800,염창IC,가양대교남단,1867.0,1,Y,115,강서구,10,도시고속,Y
양천로,1150002600,1150032100,1150035900,가양역,가양3-5단지,367.0,1,Y,115,강서구,20,시내,Y
양천로,1150002700,1150038000,1150035900,서진학교,가양3-5단지,304.0,1,Y,115,강서구,20,시내,Y
양천로,1150002800,1150035900,1150038000,가양3-5단지,서진학교,304.0,1,Y,115,강서구,20,시내,Y
양천로,1150002900,1150042100,1150038000,양천향교역,서진학교,804.0,2,Y,115,강서구,20,시내,Y
양천로,1150003000,1150038000,1150042100,서진학교,양천향교역,804.0,2,Y,115,강서구,20,시내,Y
올림픽대로,1150003100,1150046500,1150035700,가양IC,가양대교남단,1584.0,2,Y,115,강서구,10,도시고속,Y
올림픽대로,1150003200,1150035800,1150048100,가양대교남단,가양IC,1585.0,2,Y,115,강서구,10,도시고속,Y
양천로,1150003300,1150046900,1150042100,방화2단지,양천향교역,1976.0,8,Y,115,강서구,20,시내,Y
양천로,1150003500,1150047700,1150045600,방화사거리,개화사거리,703.0,4,Y,115,강서구,20,시내,Y
양천로,1150003600,1150045600,1150047700,개화사거리,방화사거리,706.0,5,Y,115,강서구,20,시내,Y
양천로,1150003700,1150047400,1150046900,신방화사거리,방화2단지,333.0,3,Y,115,강서구,20,시내,Y
양천로,1150003800,1150046900,1150047400,방화2단지,신방화사거리,335.0,3,Y,115,강서구,20,시내,Y
양천로,1150003900,1150047700,1150047400,방화사거리,신방화사거리,465.0,3,Y,115,강서구,20,시내,Y
개화동로,1150004100,1150050700,1150045600,상사마을입구,개화사거리,1030.0,4,Y,115,강서구,20,시내,Y
개화동로,1150004200,1150045600,1150050700,개화사거리,상사마을입구,1033.0,4,Y,115,강서구,20,시내,Y
김포공항IC(인천국제공항고속도로 진출램프),1150004300,1670018600,1150045600,김포공항IC,개화사거리,2042.0,3,N,,,20,시내,Y
김포공항IC(인천국제공항고속도로 진입램프),1150004400,1150045600,1670018600,개화사거리,김포공항IC,2125.0,3,N,,,20,시내,Y
올림픽대로,1150004600,1150048100,1150051300,가양IC,방화대교남단(88JC),2358.0,2,Y,115,강서구,10,도시고속,Y
김포대로,1150004700,1150051200,1150050700,개화교,상사마을입구,219.0,2,Y,115,강서구,20,시내,Y
개화동로,1150004900,1150003101,1150050700,행주대교남단교차로,상사마을입구,1097.0,3,Y,115,강서구,20,시내,Y
개화동로,1150005000,1150050700,1150052300,상사마을입구,행주대교남단교차로,1080.0,5,Y,115,강서구,20,시내,Y
김포대로,1150005200,1150051200,2320000407,개화교,고촌IC(남측),286.0,1,Y,115,강서구,20,시내,Y
인천국제공항고속도로,1150005600,1150002900,1150051400,인천공항고속도로김포시계,방화대교남단,2180.0,1,N,,,10,도시고속,Y
인천국제공항고속도로,1150005700,1150002600,1150002900,방화대교남단,인천공항고속도로김포시계,2186.0,2,N,,,10,도시고속,Y
인천국제공항고속도로,1150005900,1150051400,2180044900,방화대교남단,북로JC,836.0,2,N,,,10,도시고속,Y
여의공원로,1180028903,1180045100,1180046200,동아일보하단,여의도공원,169.0,1,Y,118,영등포구,20,시내,Y
여의공원로,1180034801,1180051200,1180009500,국민건강보험공단,한국수출입은행,152.0,1,Y,118,영등포구,20,시내,Y
여의공원로,1180032200,1180009500,1180046200,한국수출입은행,여의도공원,480.0,1,Y,118,영등포구,20,시내,Y
여의공원로,1180032300,1180046200,1180009500,여의도공원,한국수출입은행,480.0,1,Y,118,영등포구,20,시내,Y
여의공원로,1180028802,1180046200,1180045100,여의도공원,동아일보하단,169.0,1,Y,118,영등포구,20,시내,Y
여의공원로,1180034901,1180009500,1180051200,한국수출입은행,국민건강보험공단,152.0,1,Y,118,영등포구,20,시내,Y
여의공원로,1180034902,1180051200,1180052800,국민건강보험공단,여의도지구대,158.0,1,Y,118,영등포구,20,시내,Y
올림픽대로,1150006100,1150051300,1150003000,방화대교남단(88JC),개화동로진입(올림픽대로),1062.0,2,Y,115,강서구,10,도시고속,Y
개화IC(올림픽대로성남방향 진입램프),1150006400,1150052300,1150052000,행주대교남단교차로,개화동로진입(올림픽대로),854.0,2,N,,,20,시내,Y
올림픽대로,1150006500,1150052700,1150052000,행주대교남단(개화IC),개화동로진입(올림픽대로),629.0,1,Y,115,강서구,10,도시고속,Y
올림픽대로,1150006600,1150003000,1150052900,개화동로진입(올림픽대로),행주대교남단(개화IC),622.0,1,Y,115,강서구,10,도시고속,Y
개화동로,1150006800,1150052300,1150003300,행주대교남단교차로,행주대교남단(개화IC),408.0,2,Y,115,강서구,20,시내,Y
개화IC(올림픽대로김포방향 진출램프),1150006900,1150053900,1150003102,개화IC13,개화IC,940.0,2,N,,,20,시내,Y
벌말로,1150007000,1150052900,1150003200,행주대교남단(개화IC),벌말로김포시계,545.0,2,Y,115,강서구,20,시내,Y
개화동로,1150007200,1150003400,1150003300,행주대교고양시계,행주대교남단(개화IC),973.0,1,Y,115,강서구,20,시내,Y
개화동로,1150007300,1150003300,1150003400,행주대교남단(개화IC),행주대교고양시계,975.0,2,Y,115,강서구,20,시내,Y
곰달래로,1150007400,1150008500,1140031600,화곡사거리,곰달래사거리,808.0,3,Y,115,강서구,20,시내,Y
곰달래로,1150007800,1140033500,1150008500,목동사거리,화곡사거리,1457.0,5,Y,114,양천구,20,시내,Y
강서로,1150008000,1150003900,1150008500,화곡터널남단,화곡사거리,355.0,2,Y,115,강서구,20,시내,Y
강서로,1150008100,1150008500,1150003900,화곡사거리,화곡터널남단,355.0,2,Y,115,강서구,20,시내,Y
강서로17길,1150008200,1150003900,1150003700,화곡터널남단,화곡대림아파트,585.0,2,Y,115,강서구,20,시내,Y
덕릉로,1080008200,1080014400,1080002800,강북경찰서,번동사거리,489.0,1,Y,108,강북구,20,시내,Y
삼양로,1080008300,1080015700,1080002300,우이초등학교,화계사입구,340.0,1,Y,108,강북구,20,시내,Y
덕릉로,1080008900,1090000500,1080002800,우이3교,번동사거리,316.0,2,Y,109,도봉구,20,시내,Y
덕릉로,1080009000,1080002800,1090000500,번동사거리,우이3교,320.0,2,Y,108,강북구,20,시내,Y
오패산로,1080009200,1080014400,1080016100,강북경찰서,수유역,436.0,3,Y,108,강북구,20,시내,Y
도봉로,1080009400,1080015200,1080016100,대한병원,수유역,319.0,1,Y,108,강북구,20,시내,Y
인수봉로,1080009600,1080002200,1080003400,한신대,국립재활원앞,761.0,2,Y,108,강북구,20,시내,Y
한천로,1080009700,1080003300,1080002800,강북구청,번동사거리,735.0,3,Y,108,강북구,20,시내,Y
한천로,1080009800,1080002800,1080003300,번동사거리,강북구청,735.0,3,Y,108,강북구,20,시내,Y
도봉로,1080010000,1080016100,1080003300,수유역,강북구청,237.0,1,Y,108,강북구,20,시내,Y
노해로,1080010300,1080017400,1080002900,광산사거리,대한병원,868.0,4,Y,108,강북구,20,시내,Y
노해로,1080010400,1080015200,1080017400,대한병원,광산사거리,819.0,4,Y,108,강북구,20,시내,Y
삼각산로,1080010500,1080003400,1080003200,국립재활원앞,국립재활원,246.0,1,Y,108,강북구,20,시내,Y
삼각산로,1080010700,1080003600,1080003400,우이초등교앞,국립재활원앞,432.0,1,Y,108,강북구,20,시내,Y
삼각산로,1080010800,1080003400,1080003600,국립재활원앞,우이초등교앞,429.0,1,Y,108,강북구,20,시내,Y
한천로,1080011100,1080017400,1080003300,광산사거리,강북구청,599.0,3,Y,108,강북구,20,시내,Y
한천로,1080011200,1080003300,1080017400,강북구청,광산사거리,599.0,3,Y,108,강북구,20,시내,Y
도봉로,1080011300,1090000700,1080003300,우이교,강북구청,512.0,2,Y,109,도봉구,20,시내,Y
인수봉로,1080011500,1080003800,1080003400,국립4.19묘지,국립재활원앞,868.0,1,Y,108,강북구,20,시내,Y
인수봉로,1080011600,1080003400,1080003800,국립재활원앞,국립4.19묘지,859.0,1,Y,108,강북구,20,시내,Y
4.19로,1080012100,1080003800,1080003500,국립4.19묘지,아카데미하우스,1190.0,1,Y,108,강북구,20,시내,Y
4.19로,1080012200,1080003500,1080003800,아카데미하우스,국립4.19묘지,1179.0,1,Y,108,강북구,20,시내,Y
노해로,1080012300,1090001500,1080017400,숭미파출소,광산사거리,539.0,4,Y,109,도봉구,20,시내,Y
한천로,1080012500,1080003900,1080017400,국립4.19묘지입구,광산사거리,911.0,3,Y,108,강북구,20,시내,Y
한천로,1080012600,1080017400,1080003900,광산사거리,국립4.19묘지입구,919.0,3,Y,108,강북구,20,시내,Y
마들로,1090012600,1090018200,1090019100,도봉중교,노원교(서단),956.0,2,Y,109,도봉구,20,시내,Y
도봉로,1090012700,1090000200,1090004200,도봉역,신도봉사거리,1043.0,3,Y,109,도봉구,20,시내,Y
도봉로,1090012800,1090004200,1090000200,신도봉사거리,도봉역,1043.0,3,Y,109,도봉구,20,시내,Y
마들로,1090012900,1090020400,1090019100,상도교(서단),노원교(서단),647.0,4,Y,109,도봉구,20,시내,Y
마들로,1090013000,1090019100,1090020400,노원교(서단),상도교(서단),657.0,4,Y,109,도봉구,20,시내,Y
도봉산길,1090013200,1090020500,1090000300,도봉산입구,도봉산역,634.0,4,N,109,도봉구,20,시내,N
동일로,1100000300,1100018000,1100012800,공릉역,태릉입구역,912.0,5,Y,110,노원구,20,시내,Y
동일로,1100000400,1100012800,1100018000,태릉입구역,공릉역,912.0,5,Y,110,노원구,20,시내,Y
동부간선도로,1100000600,1060027100,1100022700,월릉교동측,동부간선도로-월계로램프(1),2064.0,2,Y,106,중랑구,10,도시고속,Y
동일로,1100000700,1100020200,1100018000,서울과학기술대입구,공릉역,397.0,1,Y,110,노원구,20,시내,Y
동일로,1100000800,1100018000,1100020200,공릉역,서울과학기술대입구,397.0,1,Y,110,노원구,20,시내,Y
동일로,1100001000,1100020200,1100023200,서울과학기술대입구,하계지하보차도,506.0,2,Y,110,노원구,20,시내,Y
동일로,1100001100,1100026000,1100023200,하계역,하계지하보차도,323.0,1,Y,110,노원구,20,시내,Y
동일로,1100001200,1100023200,1100026000,하계지하보차도,하계역,323.0,1,Y,110,노원구,20,시내,Y
동부간선도로,1100001300,1100024500,1100021100,월계1교서측,동부간선도로-월계로램프(8),706.0,1,N,110,노원구,10,도시고속,N
동부간선도로,1100001400,1100022700,1100024800,동부간선도로-월계로램프(1),월계1교동측,657.0,2,Y,110,노원구,10,도시고속,Y
동일로,1100001500,1100028400,1100026000,노원구민회관,하계역,324.0,1,Y,110,노원구,20,시내,Y
동일로,1100001600,1100026000,1100028400,하계역,노원구민회관,324.0,1,Y,110,노원구,20,시내,Y
여의공원로,1180028801,1180045100,1180042900,동아일보하단,한국방송공사앞,288.0,1,Y,118,영등포구,20,시내,Y
은행로,1180033700,1180009000,1180009800,국회앞지하차도북단,수출입은행,485.0,1,Y,118,영등포구,20,시내,Y
은행로,1180036002,1180054100,1180053400,순복음교회,삼도오피스텔,85.0,1,Y,118,영등포구,20,시내,Y
은행로,1180036001,1180053400,1180009800,삼도오피스텔,수출입은행,149.0,1,Y,118,영등포구,20,시내,Y
은행로,1180036101,1180009800,1180053400,수출입은행,삼도오피스텔,149.0,1,Y,118,영등포구,20,시내,Y
은행로,1180033600,1180009800,1180009000,수출입은행,국회앞지하차도북단,485.0,1,Y,118,영등포구,20,시내,Y
동일로,1100001800,1100028400,1100029400,노원구민회관,중계근린공원,284.0,1,Y,110,노원구,20,시내,Y
동부간선도로,1100001900,1100031900,1100024500,녹천교,월계1교서측,963.0,,N,110,노원구,10,도시고속,N
동부간선도로,1100002000,1100024800,1100031900,월계1교동측,녹천교,954.0,3,Y,110,노원구,10,도시고속,Y
동일로,1100002100,1100030200,1100029400,중원초교앞,중계근린공원,290.0,1,Y,110,노원구,20,시내,Y
동일로,1100002200,1100029400,1100030200,중계근린공원,중원초교앞,290.0,1,Y,110,노원구,20,시내,Y
동일로,1100002300,1100032100,1100030200,중계역,중원초교앞,228.0,1,Y,110,노원구,20,시내,Y
동일로,1100002400,1100030200,1100032100,중원초교앞,중계역,228.0,1,Y,110,노원구,20,시내,Y
동부간선도로,1100002500,1100032900,1100031900,당현초교(동부간선도로),녹천교,245.0,,N,110,노원구,10,도시고속,N
동일로,1100002800,1100032100,1100033900,중계역,상계백병원,413.0,2,Y,110,노원구,20,시내,Y
동부간선도로,1100003000,1100032900,1100034500,당현초교(동부간선도로),상계주공3단지(동부간선도로),290.0,2,Y,110,노원구,10,도시고속,Y
동일로,1100003100,1100035100,1100033900,상계2-6단지,상계백병원,283.0,1,Y,110,노원구,20,시내,Y
동일로,1100003200,1100033900,1100035100,상계백병원,상계2-6단지,281.0,1,Y,110,노원구,20,시내,Y
동부간선도로,1100003400,1100034500,1100036200,상계주공3단지(동부간선도로),창동교,324.0,2,Y,110,노원구,10,도시고속,Y
동일로,1100003600,1100035100,1100037800,상계2-6단지,노원역,326.0,2,Y,110,노원구,20,시내,Y
동부간선도로,1100003700,1100037400,1100036200,노원구청(동부간선도로),창동교,161.0,,N,110,노원구,10,도시고속,N
동일로,1100003900,1100039500,1100037800,도봉운전면허시험장,노원역,148.0,2,Y,110,노원구,20,시내,Y
동부간선도로,1100004100,1100043100,1100037400,상계교,노원구청(동부간선도로),569.0,,N,110,노원구,10,도시고속,N
동일로,1100004300,1100043500,1100039500,온수골사거리,도봉운전면허시험장,630.0,3,Y,110,노원구,20,시내,Y
동일로,1100004400,1100039500,1100043500,도봉운전면허시험장,온수골사거리,630.0,3,Y,110,노원구,20,시내,Y
동일로,1100004500,1100045700,1100043500,마들역,온수골사거리,385.0,1,Y,110,노원구,20,시내,Y
동부간선도로,1100004800,1100043100,1100044400,상계교,노원성당,560.0,1,Y,110,노원구,10,도시고속,Y
동일로,1100005100,1100047000,1100045700,상계11-13단지,마들역,314.0,1,Y,110,노원구,20,시내,Y
동부간선도로,1100005300,1100052000,1100086301,노원교,도봉지하차도,1428.0,2,Y,110,노원구,10,도시고속,Y
동부간선도로,1100005400,1100044400,1100052000,노원성당,노원교,1422.0,3,Y,110,노원구,10,도시고속,Y
동일로,1100005500,1100048000,1100047000,상계14-16단지,상계11-13단지,358.0,1,Y,110,노원구,20,시내,Y
동일로,1100005800,1100048000,1100050000,상계14-16단지,수락산역,872.0,7,Y,110,노원구,20,시내,Y
동일로243길,1100006100,1100003400,1100050000,노원교,수락산역,330.0,4,Y,110,노원구,20,시내,Y
동일로243길,1100006300,1090019100,1100003400,노원교(서단),노원교,191.0,2,Y,109,도봉구,20,시내,Y
동일로243길,1100006400,1100003400,1090019100,노원교,노원교(서단),188.0,2,Y,110,노원구,20,시내,Y
동일로,1100006600,1100050000,1100051800,수락산역,동부간선도로수락분기점,940.0,5,Y,110,노원구,20,시내,Y
동부간선도로,1100006700,1100003500,1100052000,동부간선도로수락분기점,노원교,1197.0,2,Y,110,노원구,10,도시고속,Y
동부간선도로,1100006800,1100052000,1100051800,노원교,동부간선도로수락분기점,1196.0,3,Y,110,노원구,10,도시고속,Y
화랑로,1100007100,1100000100,1100011500,월릉교서측,석계고가차도(동측),140.0,3,Y,110,노원구,20,시내,Y
화랑로,1100007200,1100011500,1100000100,석계고가차도(동측),월릉교서측,141.0,3,Y,110,노원구,20,시내,Y
화랑로,1100007500,1100012600,1100000200,공릉초교,월릉교동측,207.0,2,Y,110,노원구,20,시내,Y
화랑로,1100007600,1100000200,1100012600,월릉교동측,공릉초교,207.0,2,Y,110,노원구,20,시내,Y
화랑로,1100007900,1100013500,1100012800,구묵동교,태릉입구역,279.0,2,Y,110,노원구,20,시내,Y
화랑로,1100008000,1100012800,1100013500,태릉입구역,구묵동교,279.0,2,Y,110,노원구,20,시내,Y
화랑로,1100008200,1100013500,1100014700,구묵동교,화랑대역,559.0,1,Y,110,노원구,20,시내,Y
석계로,1100008300,1100004100,1100003700,광운대역,석계역,1081.0,3,Y,110,노원구,20,시내,Y
석계로,1100008400,1100003700,1100004100,석계역,광운대역,1097.0,3,Y,110,노원구,20,시내,Y
섬밭로,1100008700,1100016900,1100012400,한천교동측,월릉교동측,896.0,2,Y,110,노원구,20,시내,Y
섬밭로,1100008800,1100012400,1100016900,월릉교동측,한천교동측,898.0,2,Y,110,노원구,20,시내,Y
동일로173가길,1100008900,1100004300,1100012600,공릉신명아파트,공릉초교,899.0,5,Y,110,노원구,20,시내,Y
동일로173가길,1100009000,1100012600,1100004300,공릉초교,공릉신명아파트,898.0,5,Y,110,노원구,20,시내,Y
공릉로,1100009300,1100004400,1100013500,공릉파출소,구묵동교,973.0,4,Y,110,노원구,20,시내,Y
공릉로,1100009400,1100013500,1100004400,구묵동교,공릉파출소,975.0,4,Y,110,노원구,20,시내,Y
노원로,1100009700,1100019200,1100015100,원자력병원입구,화랑대사거리,742.0,3,Y,110,노원구,20,시내,Y
노원로,1100009800,1100015100,1100019200,화랑대사거리,원자력병원입구,745.0,3,Y,110,노원구,20,시내,Y
섬밭로,1100010200,1100004500,1100016900,공릉라이프아파트,한천교동측,367.0,1,Y,110,노원구,20,시내,Y
공릉로,1100010500,1100004600,1100004400,공릉동부아파트,공릉파출소,133.0,1,Y,110,노원구,20,시내,Y
공릉로,1100010600,1100004400,1100004600,공릉파출소,공릉동부아파트,132.0,1,Y,110,노원구,20,시내,Y
동일로191가길,1100010700,1100020100,1100004300,노원문화원,공릉신명아파트,418.0,1,Y,110,노원구,20,시내,Y
동일로191가길,1100010800,1100004300,1100020100,공릉신명아파트,노원문화원,419.0,1,Y,110,노원구,20,시내,Y
광운로,1100011000,1100004100,1100019700,광운대역,인덕대학입구,846.0,2,Y,110,노원구,20,시내,Y
마들로,1100011100,1100020600,1100004200,녹천중교,한천교,1114.0,2,Y,110,노원구,20,시내,Y
공릉로,1100011700,1100004900,1100004600,서울과학기술대,공릉동부아파트,303.0,1,Y,110,노원구,20,시내,Y
은행로,1180036102,1180053400,1180054100,삼도오피스텔,순복음교회,85.0,1,Y,118,영등포구,20,시내,Y
충민로,1230045700,1230014900,1230014300,소리공원,가든파이브툴동,102.0,1,Y,123,송파구,20,시내,Y
충민로,1230049500,1230016600,1230016100,문정3차대우아파트,한림고교,208.0,2,Y,123,송파구,20,시내,Y
충민로,1230048900,1230016100,1230015900,한림고교,육영학교입구,387.0,1,Y,123,송파구,20,시내,Y
충민로,1230043800,1230014300,1230014100,가든파이브툴동,글샘공원,439.0,1,Y,123,송파구,20,시내,Y
충민로,1230047700,1230015900,1230015000,육영학교입구,문현고교,246.0,1,Y,123,송파구,20,시내,Y
충민로,1230044200,1230014100,1230014400,글샘공원,장지역,237.0,1,Y,123,송파구,20,시내,Y
공릉로,1100011800,1100004600,1100004900,공릉동부아파트,서울과학기술대,300.0,1,Y,110,노원구,20,시내,Y
섬밭로,1100012200,1100004500,1100021700,공릉라이프아파트,공릉지하차도(남측),274.0,1,Y,110,노원구,20,시내,Y
월계로,1100012300,1100005000,1100004800,녹천중교,인덕대학입구,597.0,4,Y,110,노원구,20,시내,Y
월계로,1100012400,1100004800,1100005000,인덕대학입구,녹천중교,597.0,4,Y,110,노원구,20,시내,Y
공릉로,1100012700,1100005200,1100004900,한천중학교,서울과학기술대,405.0,2,Y,110,노원구,20,시내,Y
공릉로,1100012800,1100004900,1100005200,서울과학기술대,한천중학교,404.0,2,Y,110,노원구,20,시내,Y
화랑로,1100013000,1100015100,2210004600,화랑대사거리,갈매사거리,4491.0,5,Y,110,노원구,20,시내,Y
월계로,1100013500,1100023500,1100005000,월계1교서측,녹천중교,183.0,2,Y,110,노원구,20,시내,Y
월계로,1100013600,1100005000,1100023100,녹천중교,월계1교서측,183.0,2,Y,110,노원구,20,시내,Y
노원로,1100013700,1100026900,1100019200,공릉터널,원자력병원입구,1090.0,3,Y,110,노원구,20,시내,Y
노원로,1100013800,1100019200,1100026900,원자력병원입구,공릉터널,1094.0,3,Y,110,노원구,20,시내,Y
월계로,1100014000,1100023100,1100024000,월계1교서측,월계1교동측,96.0,1,Y,110,노원구,20,시내,Y
섬밭로,1100014300,1100025100,1100023000,"하계5,6단지",중현초교,148.0,1,Y,110,노원구,20,시내,Y
마들로,1100014500,1100005400,1100020600,월계역입구,녹천중교,343.0,2,Y,110,노원구,20,시내,Y
마들로,1100014600,1100020600,1100005400,녹천중교,월계역입구,342.0,2,Y,110,노원구,20,시내,Y
공릉로,1100014700,1100005600,1100005200,연촌초교,한천중학교,380.0,2,Y,110,노원구,20,시내,Y
한글비석로,1100015000,1100024000,1100025100,월계1교동측,"하계5,6단지",288.0,2,Y,110,노원구,20,시내,Y
한글비석로,1100015500,1100026000,1100025100,하계역,"하계5,6단지",236.0,1,Y,110,노원구,20,시내,Y
공릉로,1100015700,1100005600,1100027200,연촌초교,을지병원,283.0,3,Y,110,노원구,20,시내,Y
공릉로,1100015800,1100027200,1100005600,을지병원,연촌초교,297.0,3,Y,110,노원구,20,시내,Y
섬밭로,1100015900,1100006100,1100025100,중평초교,"하계5,6단지",402.0,1,Y,110,노원구,20,시내,Y
한글비석로,1100016400,1100026000,1100027200,하계역,을지병원,232.0,1,Y,110,노원구,20,시내,Y
한글비석로,1100016800,1100027200,1100028000,을지병원,노원자동차검사소,210.0,2,Y,110,노원구,20,시내,Y
노원로,1100016900,1100028500,1100026900,대진고교앞,공릉터널,470.0,4,Y,110,노원구,20,시내,Y
노원로,1100017000,1100026900,1100028500,공릉터널,대진고교앞,474.0,2,Y,110,노원구,20,시내,Y
공릉로,1100017300,1100028800,1100027200,홈플러스중계점,을지병원,259.0,1,Y,110,노원구,20,시내,Y
중계로,1100017900,1100028100,1100026900,중계지하차도,공릉터널,236.0,1,Y,110,노원구,20,시내,Y
섬밭로,1100018300,1100006500,1100006100,중계그린아파트,중평초교,284.0,1,Y,110,노원구,20,시내,Y
섬밭로,1100018400,1100006100,1100006500,중평초교,중계그린아파트,284.0,1,Y,110,노원구,20,시내,Y
마들로,1100018500,1090006400,1100005400,녹천교서단,월계역입구,1410.0,3,Y,109,도봉구,20,시내,Y
노원로,1100019200,1100028500,1100030000,대진고교앞,노원경찰서,596.0,3,Y,110,노원구,20,시내,Y
공릉로,1100019300,1100006700,1100028800,용동초교,홈플러스중계점,284.0,2,Y,110,노원구,20,시내,Y
한글비석로,1100019800,1100028500,1100030800,대진고교앞,서라벌고교,661.0,2,Y,110,노원구,20,시내,Y
섬밭로,1100020100,1100029900,1100006500,북부여성발전센터,중계그린아파트,289.0,1,Y,110,노원구,20,시내,Y
중계로,1100020800,1100028100,1100007000,중계지하차도,중계본동종점,696.0,1,Y,110,노원구,20,시내,Y
공릉로,1100020900,1100030500,1100006700,중원중학교,용동초교,291.0,1,Y,110,노원구,20,시내,Y
섬밭로,1100021500,1100007400,1100029900,어린이교통공원,북부여성발전센터,234.0,2,Y,110,노원구,20,시내,Y
섬밭로,1100021600,1100029900,1100007400,북부여성발전센터,어린이교통공원,231.0,2,Y,110,노원구,20,시내,Y
노원로,1100021900,1100031600,1100030000,하계현대아파트,노원경찰서,264.0,1,Y,110,노원구,20,시내,Y
중계로,1100022600,1100007000,1100032600,중계본동종점,노원우체국,192.0,1,Y,110,노원구,20,시내,Y
덕릉로,1100022700,1100031900,1100007400,녹천교,어린이교통공원,425.0,3,Y,110,노원구,20,시내,Y
공릉로,1100022900,1100032700,1100030500,대진여고,중원중학교,229.0,1,Y,110,노원구,20,시내,Y
공릉로,1100023000,1100030500,1100032700,중원중학교,대진여고,229.0,1,Y,110,노원구,20,시내,Y
덕릉로,1100023200,1100007400,1100032100,어린이교통공원,중계역,218.0,1,Y,110,노원구,20,시내,Y
덕릉로,1100023600,1100031900,1090006400,녹천교,녹천교서단,186.0,2,Y,110,노원구,20,시내,Y
덕릉로,1100024000,1100032100,1100032700,중계역,대진여고,224.0,1,Y,110,노원구,20,시내,Y
한글비석로,1100024100,1100033300,1100030800,양지근린공원,서라벌고교,364.0,1,Y,110,노원구,20,시내,Y
노원로,1100024300,1100008100,1100031600,구민체육센터,하계현대아파트,285.0,1,Y,110,노원구,20,시내,Y
노원로,1100024400,1100031600,1100008100,하계현대아파트,구민체육센터,281.0,1,Y,110,노원구,20,시내,Y
4.19로,1080012700,1080003900,1080003800,국립4.19묘지입구,국립4.19묘지,354.0,1,Y,108,강북구,20,시내,Y
4.19로,1080012800,1080003800,1080003900,국립4.19묘지,국립4.19묘지입구,352.0,1,Y,108,강북구,20,시내,Y
삼양로,1080012900,1080018600,1080003900,청한빌라앞,국립4.19묘지입구,1106.0,3,Y,108,강북구,20,시내,Y
삼양로,1080013100,1080019300,1080018600,우이동,청한빌라앞,733.0,3,Y,108,강북구,20,시내,Y
삼양로,1080013200,1080018600,1080019300,청한빌라앞,우이동,726.0,3,Y,108,강북구,20,시내,Y
방학로,1080013300,1080019300,1090013900,우이동,신동아아파트,1600.0,4,Y,108,강북구,20,시내,Y
방학로,1080013400,1090013900,1080019300,신동아아파트,우이동,1610.0,4,Y,109,도봉구,20,시내,Y
도봉로170길,1090000100,1090000200,1090019100,도봉역,노원교(서단),391.0,3,Y,109,도봉구,20,시내,Y
도봉로,1090000300,1090000300,1090000200,도봉산역,도봉역,759.0,3,Y,109,도봉구,20,시내,Y
도봉로,1090000400,1090000200,1090000300,도봉역,도봉산역,762.0,3,Y,109,도봉구,20,시내,Y
도봉로,1090000500,1090000300,1090000400,도봉산역,시계(도봉로),702.0,5,Y,109,도봉구,20,시내,Y
충민로,1230045100,1230014400,1230014700,장지역,문현중교,99.0,1,Y,123,송파구,20,시내,Y
충민로,1230046100,1230015000,1230014700,문현고교,문현중교,183.0,1,Y,123,송파구,20,시내,Y
충민로,1230045200,1230014700,1230014400,문현중교,장지역,99.0,1,Y,123,송파구,20,시내,Y
충민로,1230046000,1230014700,1230015000,문현중교,문현고교,185.0,1,Y,123,송파구,20,시내,Y
충민로,1230047600,1230015000,1230015900,문현고교,육영학교입구,251.0,1,Y,123,송파구,20,시내,Y
충민로,1230044300,1230014400,1230014100,장지역,글샘공원,237.0,1,Y,123,송파구,20,시내,Y
도봉로,1090000600,1090000400,1090000300,시계(도봉로),도봉산역,703.0,5,Y,109,도봉구,20,시내,Y
덕릉로,1090000700,1090005200,1090000500,창림초교,우이3교,571.0,3,Y,109,도봉구,20,시내,Y
덕릉로,1090001100,1090000800,1090005200,도봉문화정보센터,창림초교,505.0,1,Y,109,도봉구,20,시내,Y
덕릉로,1090001200,1090005200,1090000800,창림초교,도봉문화정보센터,498.0,1,Y,109,도봉구,20,시내,Y
도봉로,1090001700,1090001300,1090000700,창동시장입구,우이교,430.0,2,Y,109,도봉구,20,시내,Y
도봉로,1090001800,1090000700,1090001300,우이교,창동시장입구,433.0,2,Y,109,도봉구,20,시내,Y
덕릉로,1090001900,1090006300,1090000800,녹천지하보차도,도봉문화정보센터,422.0,1,Y,109,도봉구,20,시내,Y
덕릉로,1090002100,1090006700,1090006400,녹천역입구,녹천교서단,173.0,1,Y,109,도봉구,20,시내,Y
덕릉로,1090002200,1090006400,1090006700,녹천교서단,녹천역입구,173.0,1,Y,109,도봉구,20,시내,Y
덕릉로,1090002300,1090006700,1090006300,녹천역입구,녹천지하보차도,344.0,1,Y,109,도봉구,20,시내,Y
덕릉로,1090002400,1090006300,1090006700,녹천지하보차도,녹천역입구,338.0,1,Y,109,도봉구,20,시내,Y
해등로,1090002700,1090001600,1090000800,창1동주민센터,도봉문화정보센터,438.0,1,Y,109,도봉구,20,시내,Y
도봉로,1090003700,1090002000,1090001300,정의여중입구,창동시장입구,595.0,1,Y,109,도봉구,20,시내,Y
도봉로,1090003800,1090001300,1090002000,창동시장입구,정의여중입구,595.0,2,Y,109,도봉구,20,시내,Y
노해로,1090004100,1090007700,1090001500,숭미초교,숭미파출소,471.0,2,Y,109,도봉구,20,시내,Y
노해로,1090004200,1090001500,1090007700,숭미파출소,숭미초교,467.0,2,Y,109,도봉구,20,시내,Y
해등로,1090004700,1090008700,1090001600,창원초교,창1동주민센터,484.0,1,Y,109,도봉구,20,시내,Y
해등로,1090004800,1090001600,1090008700,창1동주민센터,창원초교,477.0,1,Y,109,도봉구,20,시내,Y
도봉로,1080007900,1080015200,1080014200,대한병원,수유사거리,120.0,2,Y,108,강북구,20,시내,Y
노해로,1090005200,1090007700,1090002000,숭미초교,정의여중입구,675.0,1,Y,109,도봉구,20,시내,Y
노해로,1090005300,1090008700,1090007900,창원초교,이마트,466.0,2,Y,109,도봉구,20,시내,Y
노해로,1090005600,1090002000,1090008200,정의여중입구,창동고등학교,120.0,2,Y,109,도봉구,20,시내,Y
노해로,1090005800,1090008200,1090008700,창동고등학교,창원초교,338.0,1,Y,109,도봉구,20,시내,Y
노해로,1090005900,1090009600,1090007900,창4동주민센터,이마트,417.0,2,Y,109,도봉구,20,시내,Y
노해로,1090006000,1090007900,1090009600,이마트,창4동주민센터,417.0,2,Y,109,도봉구,20,시내,Y
노해로,1090006600,1090009600,1090009900,창4동주민센터,도봉경찰서,199.0,2,Y,109,도봉구,20,시내,Y
마들로,1090007000,1090009900,1090002700,도봉경찰서,농협창동유통센타,172.0,1,Y,109,도봉구,20,시내,Y
도봉로,1090007200,1090002000,1090002800,정의여중입구,도봉보건소,657.0,2,Y,109,도봉구,20,시내,Y
시루봉로,1090007400,1090007700,1090002900,숭미초교,선덕고교입구,783.0,3,Y,109,도봉구,20,시내,Y
해등로,1090007800,1090008700,1090002800,창원초교,도봉보건소,616.0,3,Y,109,도봉구,20,시내,Y
해등로,1090008300,1090003100,1090002800,삼익세라믹아파트,도봉보건소,421.0,2,Y,109,도봉구,20,시내,Y
해등로,1090008400,1090002800,1090003100,도봉보건소,삼익세라믹아파트,421.0,2,Y,109,도봉구,20,시내,Y
마들로,1090008500,1090003200,1090002700,창동운동장,농협창동유통센타,698.0,2,Y,109,도봉구,20,시내,Y
해등로,1090008700,1090003100,1090002900,삼익세라믹아파트,선덕고교입구,642.0,3,Y,109,도봉구,20,시내,Y
해등로,1090008800,1090002900,1090003100,선덕고교입구,삼익세라믹아파트,642.0,3,Y,109,도봉구,20,시내,Y
시루봉로,1090009100,1090013900,1090002900,신동아아파트,선덕고교입구,452.0,2,Y,109,도봉구,20,시내,Y
시루봉로,1090009200,1090002900,1090013900,선덕고교입구,신동아아파트,452.0,2,Y,109,도봉구,20,시내,Y
도당로,1090009300,1090014500,1090003100,성원아파트,삼익세라믹아파트,490.0,2,Y,109,도봉구,20,시내,Y
마들로,1090009500,1090014600,1090003200,서울문화고교,창동운동장,457.0,3,Y,109,도봉구,20,시내,Y
마들로,1090009600,1090003200,1090014600,창동운동장,서울문화고교,446.0,3,Y,109,도봉구,20,시내,Y
방학로,1090009900,1090003600,1090014600,방학사거리,서울문화고교,368.0,3,Y,109,도봉구,20,시내,Y
방학로,1090010000,1090014600,1090003600,서울문화고교,방학사거리,369.0,4,Y,109,도봉구,20,시내,Y
방학로,1090010100,1090015400,1090014500,신한은행방학지점,성원아파트,238.0,1,Y,109,도봉구,20,시내,Y
방학로,1090010300,1090015400,1090003600,신한은행방학지점,방학사거리,444.0,2,Y,109,도봉구,20,시내,Y
방학로,1090010400,1090003600,1090015400,방학사거리,신한은행방학지점,444.0,2,Y,109,도봉구,20,시내,Y
도봉로,1090010900,1090017400,1090003600,방학역,방학사거리,476.0,4,Y,109,도봉구,20,시내,Y
도봉로,1090011000,1090003600,1090017400,방학사거리,방학역,476.0,4,Y,109,도봉구,20,시내,Y
시루봉로,1090011100,1090004000,1090013900,방학중학교,신동아아파트,846.0,2,Y,109,도봉구,20,시내,Y
마들로,1090011500,1090018200,1090014600,도봉중교,서울문화고교,947.0,6,Y,109,도봉구,20,시내,Y
마들로,1090011600,1090014600,1090018200,서울문화고교,도봉중교,946.0,6,Y,109,도봉구,20,시내,Y
도봉로,1090011900,1090004200,1090017400,신도봉사거리,방학역,471.0,1,Y,109,도봉구,20,시내,Y
시루봉로,1090012200,1090004000,1090004200,방학중학교,신도봉사거리,1057.0,3,Y,109,도봉구,20,시내,Y
여의나루로,3201505100,1180038900,1180008100,여의도역,한국거래소,485.0,3,Y,118,영등포구,20,시내,Y
토정로,3201505400,1130016700,1130051900,마포새빛문화숲,양화진역사공원,493.0,1,Y,113,마포구,20,시내,Y
토정로,3201505500,1130051900,1130016700,양화진역사공원,마포새빛문화숲,492.0,1,Y,113,마포구,20,시내,Y
은평터널로,3201505600,1110002600,1110007000,은평터널,은평터널(남측),574.0,2,Y,111,은평구,20,시내,Y
은평터널로,3201505800,1110007000,1110001800,은평터널(남측),수색역,722.0,1,Y,111,은평구,20,시내,Y
은평터널로,3201505900,1110001800,1110007000,수색역,은평터널(남측),721.0,1,Y,111,은평구,20,시내,Y
월드컵북로,3201506000,1130051500,2180013300,하늘초교,덕은2교,188.0,1,Y,113,마포구,20,시내,Y
충민로,1230048800,1230015900,1230016100,육영학교입구,한림고교,383.0,1,Y,123,송파구,20,시내,Y
충민로,1230043900,1230014100,1230014300,글샘공원,가든파이브툴동,422.0,1,Y,123,송파구,20,시내,Y
충민로,1230049400,1230016100,1230016600,한림고교,문정3차대우아파트,226.0,2,Y,123,송파구,20,시내,Y
충민로,1230045800,1230014300,1230014900,가든파이브툴동,소리공원,102.0,1,Y,123,송파구,20,시내,Y
행당로,1030013400,1030022400,1030022500,신금호역,논골사거리,487.0,1,Y,103,성동구,20,시내,Y
행당로,1030014103,1030024400,1030023300,무학여고앞,행현초등학교,408.0,1,Y,103,성동구,20,시내,Y
월드컵북로,3201506100,2180013300,1130051500,덕은2교,하늘초교,180.0,1,Y,113,마포구,20,시내,Y
여의나루로,3201506200,1180009100,1180008100,여의나루역,한국거래소,455.0,2,Y,118,영등포구,20,시내,Y
여의나루로,3201506300,1180008100,1180009100,한국거래소,여의나루역,455.0,2,Y,118,영등포구,20,시내,Y
오정로,3201506500,2120003200,1150017400,6번국도 서울강서-경기부천 경계,외발산삼거리,940.0,3,Y,115,강서구,20,시내,Y
오정로,3201506600,2120002700,2120002500,서울강서-경기부천 경계,서울강서-경기부천 경계,478.0,1,N,,,20,시내,N
오정로,3201506700,2120002500,2120002700,서울강서-경기부천 경계,서울강서-경기부천 경계,479.0,1,N,,,20,시내,N
개봉로,3201506800,1160003600,1160049400,개봉지하차도,경서농협개봉역지점,251.0,3,Y,116,구로구,20,시내,Y
개봉로,3201506900,1160049400,1160003600,경서농협개봉역지점,개봉지하차도,249.0,2,Y,116,구로구,20,시내,Y
은평터널로,3201507000,1110011100,1110002600,신사동고개사거리,은평터널,706.0,2,Y,111,은평구,20,시내,Y
월드컵북로,3201507200,1130050600,1130051500,월드컵파크7단지,하늘초교,361.0,3,Y,113,마포구,20,시내,Y
월드컵북로,3201507300,1130051500,1130050600,하늘초교,월드컵파크7단지,360.0,3,Y,113,마포구,20,시내,Y
행당로,1030014102,1030023300,1030022600,행현초등학교,행당동한진아파트,419.0,1,Y,103,성동구,20,시내,Y
행당로,1030014201,1030022500,1030022600,논골사거리,행당동한진아파트,64.0,1,Y,103,성동구,20,시내,Y
불광로,3201507600,1110017100,1110017800,대조불광시장,불광역,303.0,2,Y,111,은평구,20,시내,Y
대방천로,3201507800,1190007100,1180003100,대방천사거리,신길주유소,1057.0,2,Y,119,동작구,20,시내,Y
대방천로,3201507900,1180003100,1190007100,신길주유소,대방천사거리,1056.0,2,Y,118,영등포구,20,시내,Y
망원로,3201508000,1130028800,1130027200,한강공원입구,망원동지하보도차도,196.0,1,N,113,마포구,20,시내,N
망원로,3201508100,1130027200,1130028800,망원동지하보도차도,한강공원입구,189.0,1,N,113,마포구,20,시내,N
오리로,3201508200,1160042000,1160029000,궁동삼거리,오류고교,833.0,3,Y,116,구로구,20,시내,Y
난곡로,3201508400,1200004900,1200000500,난향삼거리,난향초교,1089.0,5,Y,120,관악구,20,시내,Y
난곡로,3201508500,1200000500,1200004900,난향초교,난향삼거리,1099.0,5,Y,120,관악구,20,시내,Y
시흥대로73길,3201508600,1170008800,1170007700,금천구청입구,금천구청역삼거리,443.0,2,N,117,금천구,20,시내,N
시흥대로73길,3201508700,1170007700,1170008800,금천구청역삼거리,금천구청입구,455.0,2,N,117,금천구,20,시내,N
벚꽃로,3201508900,1170009500,1170007700,금천현대아파트,금천구청역삼거리,732.0,3,Y,117,금천구,20,시내,Y
벚꽃로,3201509100,1170003300,1170018200,가산디지털단지역(1호선),구로고가차도(북측),471.0,1,Y,117,금천구,20,시내,Y
디지털로,3201509700,1170015300,1170016600,2공단사거리,디지털단지오거리,231.0,2,Y,117,금천구,20,시내,Y
디지털로,3201509800,1170015300,1170014100,2공단사거리,디지털3단지,672.0,3,Y,117,금천구,20,시내,Y
디지털로,3201509900,1170014100,1170015300,디지털3단지,2공단사거리,672.0,3,Y,117,금천구,20,시내,Y
디지털로,3201510100,2130010500,1170014100,철산대교(동단),디지털3단지,63.0,2,Y,117,금천구,20,시내,Y
토정로,3201510200,1130017300,1130016000,서울신용평가정보,상수동사거리,301.0,2,Y,113,마포구,20,시내,Y
토정로,3201510700,1130016700,1130016000,당인리발전소,상수동사거리,503.0,2,Y,113,마포구,20,시내,Y
돌곶이로,1070017900,1070006300,1070031400,장위동원천주유소,돌곶이역,497.0,2,Y,107,성북구,20,시내,Y
돌곶이로,1070018000,1070031400,1070006300,돌곶이역,장위동원천주유소,497.0,2,Y,107,성북구,20,시내,Y
한천로66길,1070018200,1070005500,1100003700,석관고교,석계역,547.0,4,Y,107,성북구,20,시내,Y
장위로,1070018600,1070006200,1070006300,장위초교,장위동원천주유소,412.0,1,Y,107,성북구,20,시내,Y
장위로,1070018700,1070006200,1070034700,장위초교,창문여고앞,1126.0,2,Y,107,성북구,20,시내,Y
화랑로,1070018900,1070036100,1070034600,석계고가차도(서측),장위사거리,270.0,1,Y,107,성북구,20,시내,Y
화랑로,1070019000,1070034600,1070036100,장위사거리,석계고가차도(서측),267.0,1,Y,107,성북구,20,시내,Y
돌곶이로,1070019500,1070036900,1070006300,장곡초교,장위동원천주유소,455.0,1,Y,107,성북구,20,시내,Y
돌곶이로,1070019600,1070006300,1070036900,장위동원천주유소,장곡초교,455.0,1,Y,107,성북구,20,시내,Y
장위로,1070019700,1070037200,1070006300,광운대입구,장위동원천주유소,419.0,1,Y,107,성북구,20,시내,Y
석계로1길,1070019900,1100013200,1100011300,서울선곡초교,석계역,767.0,3,Y,110,노원구,20,시내,Y
석계로1길,1070020000,1100011300,1100013200,석계역,서울선곡초교,758.0,3,Y,110,노원구,20,시내,Y
솔샘로,1070020300,1080001200,1070034500,미양초교,정릉4동주민센터,1035.0,8,Y,108,강북구,20,시내,Y
솔샘로,1070020400,1070034500,1080001200,정릉4동주민센터,미양초교,1036.0,8,Y,107,성북구,20,시내,Y
돌곶이로,1070020500,1080001100,1070036900,북서울꿈의숲,장곡초교,509.0,2,Y,108,강북구,20,시내,Y
한천로,1070020900,1070039100,1070037600,광운초교앞,광운대입구,364.0,1,Y,107,성북구,20,시내,Y
한천로,1070021000,1070037600,1070039100,광운대입구,광운초교앞,377.0,2,Y,107,성북구,20,시내,Y
광운로,1070021100,1100004100,1070037600,광운대역,광운대입구,689.0,5,Y,110,노원구,20,시내,Y
한천로,1070021400,1070039100,1070040500,광운초교앞,월계2교,634.0,3,Y,107,성북구,20,시내,Y
월계로,1070021500,1070040500,1080001100,월계2교,북서울꿈의숲,688.0,5,Y,107,성북구,20,시내,Y
월계로,1070021700,1100004800,1070040500,인덕대학입구,월계2교,700.0,5,Y,110,노원구,20,시내,Y
월계로,1070021800,1070040500,1100004800,월계2교,인덕대학입구,701.0,5,Y,107,성북구,20,시내,Y
월계로,1080000900,1070032700,1070030800,방천시장입구,숭곡초교,176.0,1,Y,107,성북구,20,시내,Y
월계로,1080001000,1070030800,1070032700,숭곡초교,방천시장입구,176.0,1,Y,107,성북구,20,시내,Y
평택-시흥고속국도,2333344000,2330154400,2330154500,주곡3교북측,화옹교남측,167.0,1,N,,,10,도시고속,Y
평택-시흥고속국도,2333344100,2330154500,2330154600,화옹교남측,화옹교북측,35.0,1,N,,,10,도시고속,Y
행당로,1030014101,1030022600,1030022500,행당동한진아파트,논골사거리,57.0,1,Y,103,성동구,20,시내,Y
행당로,1030014202,1030022600,1030023300,행당동한진아파트,행현초등학교,422.0,1,Y,103,성동구,20,시내,Y
행당로,1030013300,1030022500,1030022400,논골사거리,신금호역,489.0,1,Y,103,성동구,20,시내,Y
행당로,1030014203,1030023300,1030024400,행현초등학교,무학여고앞,404.0,1,Y,103,성동구,20,시내,Y
황물로,1030017401,1050006700,1050007300,군자초교,답십리5지구대,191.0,1,Y,103,성동구,20,시내,Y
황물로,1050009302,1050017600,1050016100,전농119안전센터,청량리교회,173.0,1,Y,105,동대문구,20,시내,Y
황물로,1030017402,1050007300,1050007600,답십리5지구대,답십리1동,186.0,1,Y,103,성동구,20,시내,Y
평택-시흥고속국도,2333344200,2330154600,2330154700,화옹교북측,화성교남측,246.0,1,N,,,10,도시고속,Y
평택-시흥고속국도,2333344300,2330154700,2330154800,화성교남측,화성교북측,122.0,1,N,,,10,도시고속,Y
평택-시흥고속국도,2333344500,2330154900,2330155000,남양교남측,남양교북측,242.0,1,N,,,10,도시고속,Y
평택-시흥고속국도,2333344600,2330155000,2330155100,남양교북측,장덕교남측,1823.0,1,N,,,10,도시고속,Y
평택-시흥고속국도,2333344700,2330155100,2330155200,장덕교남측,장덕교북측,26.0,1,N,,,10,도시고속,Y
평택-시흥고속국도,2333344800,2330155200,2330155300,장덕교북측,마도교남측,566.0,1,N,,,10,도시고속,Y
평택-시흥고속국도,2333344900,2330155300,2330155400,마도교남측,마도교북측,297.0,1,N,,,10,도시고속,Y
평택-시흥고속국도,2333345100,2330155500,2330155600,상현교남측,상현교북측,22.0,1,N,,,10,도시고속,Y
평택-시흥고속국도,2333345200,2330155600,2330155700,상현교북측,신남교남측,538.0,1,N,,,10,도시고속,Y
평택-시흥고속국도,2333345300,2330155700,2330155800,신남교남측,신남교북측,36.0,1,N,,,10,도시고속,Y
평택-시흥고속국도,2333345400,2330155800,2330155900,신남교북측,청원교남측,120.0,1,N,,,10,도시고속,Y
평택-시흥고속국도,2333345500,2330155900,2330156000,청원교남측,청원교북측,33.0,1,N,,,10,도시고속,Y
평택-시흥고속국도,2333345600,2330156000,2330156100,청원교북측,쌍송지하차도남측,1505.0,1,N,,,10,도시고속,Y
평택-시흥고속국도,2333345800,2330156200,2330156300,쌍송지하차도북측,석교교남측,918.0,1,N,,,10,도시고속,Y
평택-시흥고속국도,2333345900,2330156300,2330156400,석교교남측,석교교북측,29.0,1,N,,,10,도시고속,Y
평택-시흥고속국도,2333346000,2330156400,2330156500,석교교북측,슬항1교남측,145.0,1,N,,,10,도시고속,Y
평택-시흥고속국도,2333346100,2330156500,2330156600,슬항1교남측,슬항1교북측,77.0,1,N,,,10,도시고속,Y
평택-시흥고속국도,2333346200,2330156600,2330156700,슬항1교북측,슬항2교남측,309.0,1,N,,,10,도시고속,Y
경부고속도로,2333346400,2330159900,2330120400,기흥동탄IC,동탄JC 북측(경부선),3546.0,,N,,,10,도시고속,Y
중부고속도로,2340006500,2340002700,2340001700,곤지암IC 북측(본선),곤지암IC 남측(본선),594.0,1,N,,,10,도시고속,Y
중부고속도로,2340006600,2340001700,2340002700,곤지암IC 남측(본선),곤지암IC 북측(본선),594.0,1,N,,,10,도시고속,Y
중부고속도로,2340007701,2340015100,2340002700,광주IC 동측(본선),곤지암IC 북측(본선),11484.0,1,N,,,10,도시고속,Y
중부고속도로,2340007801,2340002700,2340015100,곤지암IC 북측(본선),광주IC 동측(본선),11508.0,1,N,,,10,도시고속,Y
중부고속도로,2340034300,2340015100,2340015400,광주IC 동측(본선),광주IC 서측(본선),760.0,1,N,,,10,도시고속,Y
중부고속도로,2340035701,2340015400,2270000100,광주IC 서측(본선),산곡JC 북측(본선),4605.0,1,N,,,10,도시고속,Y
중부고속도로,2340035801,2270000100,2340015400,산곡JC 북측(본선),광주IC 서측(본선),4628.0,1,N,,,10,도시고속,Y
제1순환고속도로,2350025400,2350012100,2350012200,양주영업소,송추IC,6186.0,1,N,,,10,도시고속,Y
제1순환고속도로,2350025500,2350012200,2350012100,송추IC,양주영업소,6185.0,1,N,,,10,도시고속,Y
제1순환고속도로,2350025900,2350012500,2350012200,송추IC,송추IC,525.0,1,N,,,10,도시고속,Y
영동고속도로,2370012300,2370005600,2370005500,여주JC 서측(영동선 본선),여주JC 동측(영동선 본선),1796.0,1,N,,,10,도시고속,Y
영동고속도로,2370014001,2510010900,2510010901,문막IC,-,1693.0,1,N,,,10,도시고속,Y
영동고속도로,2370014002,2510010901,2370007300,-,여주IC 동측(본선),17727.0,1,N,,,10,도시고속,Y
영동고속도로,2370015300,2370007200,2370005500,여주IC 서측(본선),여주JC 동측(영동선 본선),4871.0,1,N,,,10,도시고속,Y
영동고속도로,2370016500,2370007300,2370007200,여주IC 동측(본선),여주IC 서측(본선),470.0,1,N,,,10,도시고속,Y
영동고속도로,2370016600,2370007200,2370007300,여주IC 서측(본선),여주IC 동측(본선),470.0,1,N,,,10,도시고속,Y
중부내륙고속도로,2370181900,2370083600,2370005400,여주분기점,여주JC 남측(중부내륙선 본선),1317.0,1,N,,,10,도시고속,Y
중부내륙고속도로,2370182001,2370083700,2370086900,휴게소,남여주IC,2335.0,1,N,,,10,도시고속,Y
중부내륙고속도로,2370182100,2370083700,2370083800,휴게소,휴게소,714.0,1,N,,,10,도시고속,Y
중부내륙고속도로,2370182200,2370083800,2370083700,휴게소,휴게소,717.0,1,N,,,10,도시고속,Y
중부내륙고속도로,2370182400,2370084000,2370083800,서여주IC,휴게소,2200.0,1,N,,,10,도시고속,Y
중부내륙고속도로,2370182700,2370084000,2370084200,서여주IC,서여주IC,520.0,1,N,,,10,도시고속,Y
중부내륙고속도로,2370183000,2370084200,2370084000,서여주IC,서여주IC,518.0,1,N,,,10,도시고속,Y
중부내륙고속도로,2370184500,2370005400,2370083600,여주JC 남측(중부내륙선 본선),여주분기점,1317.0,1,N,,,10,도시고속,Y
중부내륙고속도로,2370184601,2370083600,2370086600,여주분기점,남여주IC,1441.0,1,N,,,10,도시고속,Y
중부내륙고속도로,2370184603,2370086900,2370083700,남여주IC,휴게소,2335.0,1,N,,,10,도시고속,Y
중부내륙고속도로,2370187000,2370085100,2370084300,북여주IC,북여주IC,314.0,1,N,,,10,도시고속,Y
중부내륙고속도로,2370187100,2370084300,2370085100,북여주IC,북여주IC,314.0,1,N,,,10,도시고속,Y
중부내륙고속도로,2370187500,2370085400,2370085500,북여주IC,금사1터널,1783.0,1,N,,,10,도시고속,Y
중부내륙고속도로,2370187600,2370085500,2370085400,금사1터널,북여주IC,1780.0,1,N,,,10,도시고속,Y
중부내륙고속도로,2370187800,2370085600,2370085500,금사1터널,금사1터널,383.0,1,N,,,10,도시고속,Y
중부내륙고속도로,2370187900,2370085600,2370085700,금사1터널,금사2터널,683.0,1,N,,,10,도시고속,Y
중부내륙고속도로,2370188000,2370085700,2370085600,금사2터널,금사1터널,681.0,1,N,,,10,도시고속,Y
중부내륙고속도로,2370188200,2370085800,2370085700,금사2터널,금사2터널,164.0,1,N,,,10,도시고속,Y
중부내륙고속도로,2370188400,2370085900,2370085800,금사3터널,금사2터널,129.0,1,N,,,10,도시고속,Y
중부내륙고속도로,2370188600,2370086000,2370085900,금사3터널,금사3터널,894.0,1,N,,,10,도시고속,Y
중부내륙고속도로,2370188700,2370086000,2370086100,금사3터널,금사4터널,659.0,1,N,,,10,도시고속,Y
외대역동로,1050048200,1050032000,1050005600,신이문역앞,외대앞역앞교차로,716.0,1,Y,105,동대문구,20,시내,Y
외대역동로,1050019300,1050005600,1050029600,외대앞역앞교차로,중랑교(중랑로터리),457.0,1,Y,105,동대문구,20,시내,Y
외대역동로,1050019400,1050029600,1050005600,중랑교(중랑로터리),외대앞역앞교차로,449.0,1,Y,105,동대문구,20,시내,Y
외대역동로,1050017700,1050029600,1050004500,중랑교(중랑로터리),휘경빗물펌프장,266.0,2,Y,105,동대문구,20,시내,Y
외대역동로,1050048100,1050005600,1050032000,외대앞역앞교차로,신이문역앞,702.0,1,Y,105,동대문구,20,시내,Y
우이천로,1100047400,1100017000,1100019000,월계주유소,신창중교,405.0,1,Y,110,노원구,20,시내,Y
우이천로,1090020900,1090011400,1090007400,삼산교회,덕성여대기숙사,1114.0,2,Y,109,도봉구,20,시내,Y
우이천로,1100048400,1100019000,1100019500,신창중교,한성빌라,117.0,1,Y,110,노원구,20,시내,Y
우이천로,1090017500,1090007400,1090007200,덕성여대기숙사,쌍문초교,115.0,1,Y,109,도봉구,20,시내,Y
우이천로,1100050400,1100019500,1100022500,한성빌라,초안교,576.0,1,Y,110,노원구,20,시내,Y
우이천로,1090017100,1090007200,1090001500,쌍문초교,숭미파출소,323.0,1,Y,109,도봉구,20,시내,Y
우이천로,1090013400,1100022500,1090004500,초안교,신창교,277.0,1,Y,109,도봉구,20,시내,Y
우이천로,1090002501,1090001500,1090000900,숭미파출소,한일병원,310.0,1,Y,109,도봉구,20,시내,Y
우이천로,1090001500,1090000900,1090000700,한일병원,우이교,358.0,1,Y,109,도봉구,20,시내,Y
우이천로,1080007703,1090004500,1090004700,신창교,공업사,340.0,1,Y,108,강북구,20,시내,Y
우이천로,1090000904,1090000700,1090005400,우이교,번창교,92.0,1,Y,109,도봉구,20,시내,Y
중부내륙고속도로,2370188800,2370086100,2370086000,금사4터널,금사3터널,662.0,1,N,,,10,도시고속,Y
중부내륙고속도로,2370189000,2370086200,2370086100,금사4터널,금사4터널,303.0,1,N,,,10,도시고속,Y
중부내륙고속도로,2370189200,2370086300,2370086200,금사5터널,금사4터널,90.0,1,N,,,10,도시고속,Y
통일로,1110013700,1110000900,1110018700,연신내역,동명여고,615.0,4,Y,111,은평구,20,시내,Y
연서로,1110013900,1110020200,1110000900,불광지구대,연신내역,526.0,1,Y,111,은평구,20,시내,Y
갈현로,1110014100,1110021200,1110018400,박석고개,구산사거리,1706.0,8,Y,111,은평구,20,시내,Y
갈현로,1110014200,1110018400,1110021200,구산사거리,박석고개,1702.0,8,Y,111,은평구,20,시내,Y
연서로,1110014500,1110004900,1110020200,연신초교삼거리,불광지구대,477.0,1,Y,111,은평구,20,시내,Y
연서로,1110014600,1110020200,1110004900,불광지구대,연신초교삼거리,480.0,1,Y,111,은평구,20,시내,Y
불광로,1110014800,1110004800,1110004900,불광중학교,연신초교삼거리,393.0,1,Y,111,은평구,20,시내,Y
연서로,1110014900,1110021800,1110004900,기자촌아파트,연신초교삼거리,1017.0,2,Y,111,은평구,20,시내,Y
연서로,1110015000,1110004900,1110021800,연신초교삼거리,기자촌아파트,1014.0,2,Y,111,은평구,20,시내,Y
진관2로,1110015300,1110022000,1110021800,은평성모병원사거리,기자촌아파트,1329.0,7,Y,111,은평구,20,시내,Y
진관2로,1110015400,1110021800,1110022000,기자촌아파트,은평성모병원사거리,1334.0,7,Y,111,은평구,20,시내,Y
연서로,1110015600,1110021800,1110023000,기자촌아파트,제각말아파트,497.0,1,Y,111,은평구,20,시내,Y
연서로48길,1110015800,1110022400,1110022500,제각말아파트,진관사,1094.0,5,N,111,은평구,20,시내,N
북한산로,1110015900,1110023300,1110023100,지축교사거리,은평뉴타운10단지,707.0,3,Y,111,은평구,20,시내,Y
북한산로,1110016000,1110023100,1110023300,은평뉴타운10단지,지축교사거리,693.0,3,Y,111,은평구,20,시내,Y
북한산로,1110016200,1110023300,1110025000,지축교사거리,북한산성입구,2665.0,7,Y,111,은평구,20,시내,Y
신촌로,1120000100,1120000200,1130029100,이대역,신촌기차역입구,267.0,1,Y,112,서대문구,20,시내,Y
신촌로,1120000200,1130029100,1120000200,신촌기차역입구,이대역,267.0,1,Y,113,마포구,20,시내,Y
신촌로,1120000300,1130031000,1120000200,아현역,이대역,911.0,4,Y,113,마포구,20,시내,Y
신촌로,1120000400,1120000200,1130031000,이대역,아현역,911.0,4,Y,112,서대문구,20,시내,Y
신촌로,1120000600,1130029800,1130001800,창천동삼거리,동교동삼거리,502.0,1,Y,113,마포구,20,시내,Y
신촌로,1120000700,1120000500,1130030700,충정로사거리,아현교차로,323.0,2,Y,112,서대문구,20,시내,Y
신촌로,1120000800,1130030700,1120000500,아현교차로,충정로사거리,325.0,2,Y,113,마포구,20,시내,Y
충정로,1120000900,1010027000,1120000500,서대문역,충정로사거리,851.0,4,Y,101,중구,20,시내,Y
충정로,1120001000,1120000500,1010027000,충정로사거리,서대문역,853.0,5,Y,112,서대문구,20,시내,Y
내부순환로,1120001300,1120018100,1120011700,홍제램프(내부순환로),연희램프(내부순환로),2160.0,1,Y,112,서대문구,10,도시고속,Y
내부순환로,1120001400,1120000800,1120018400,연희램프(내부순환로),홍제램프(내부순환로),2173.0,1,Y,112,서대문구,10,도시고속,Y
내부순환로,1120002100,1120001300,1120021200,홍은램프진입(내부순환로),홍은램프(내부순환도로),523.0,1,Y,112,서대문구,10,도시고속,Y
내부순환로,1120002200,1120001200,1120001300,홍은램프(내부순환도로),홍은램프진입(내부순환로),169.0,1,Y,112,서대문구,10,도시고속,Y
내부순환로,1120002300,1000001400,1120001300,홍지문터널북측,홍은램프진입(내부순환로),2005.0,2,Y,100,종로구,10,도시고속,Y
내부순환로,1120002400,1120001300,1000001400,홍은램프진입(내부순환로),홍지문터널북측,2021.0,2,Y,112,서대문구,10,도시고속,Y
연세로,1120003400,1120004500,1120005500,연세로사거리,연세대,317.0,2,Y,112,서대문구,20,시내,Y
서소문로,1120004100,1120002000,1120000500,아리수본부,충정로사거리,571.0,3,Y,112,서대문구,20,시내,Y
서소문로,1120004200,1120000500,1120002000,충정로사거리,아리수본부,576.0,4,Y,112,서대문구,20,시내,Y
성산로,1120004400,1120005500,1120005700,연세대,연대세브란스병원,303.0,2,Y,112,서대문구,20,시내,Y
성산로,1120004500,1120008400,1120005500,연희교차로,연세대,918.0,3,Y,112,서대문구,20,시내,Y
성산로,1120004600,1120005500,1120022500,연세대,연희교차로,886.0,3,Y,112,서대문구,20,시내,Y
연희로,1120004800,1130001800,1120007000,동교동삼거리,연희IC,713.0,3,Y,113,마포구,20,시내,Y
성산로,1120004900,1120009000,1120006300,봉원고가차도,연대세브란스병원,625.0,2,Y,112,서대문구,20,시내,Y
성산로,1120005200,1120022500,1120000600,연희교차로,사천교동측,1092.0,4,Y,112,서대문구,20,시내,Y
연희로,1120005300,1120002400,1120007100,연희삼거리,연희IC,512.0,3,Y,112,서대문구,20,시내,Y
연희로,1120005400,1120007000,1120002400,연희IC,연희삼거리,512.0,3,Y,112,서대문구,20,시내,Y
수색로,1120005600,1120000600,1120000700,사천교동측,사천교서측,152.0,2,Y,112,서대문구,20,시내,Y
수색로,1120005800,1120000700,1120002500,사천교서측,가좌삼거리,374.0,1,Y,112,서대문구,20,시내,Y
홍제천로,1120006000,1130039800,1120002600,사천교동측,연가교(동측),585.0,4,Y,113,마포구,20,시내,Y
모래내로,1120006100,1120002700,1120010700,연가교(서측),모래내지하차도(북측),491.0,2,Y,112,서대문구,20,시내,Y
모래내로,1120006200,1120010700,1120002700,모래내지하차도(북측),연가교(서측),492.0,1,Y,112,서대문구,20,시내,Y
성산로,1120006400,1120009000,1120012200,봉원고가차도,독립문역,1425.0,8,Y,112,서대문구,20,시내,Y
연가교,1120006700,1120002700,1120002600,연가교(서측),연가교(동측),74.0,1,N,,,20,시내,Y
연가교,1120006800,1120002600,1120002700,연가교(동측),연가교(서측),74.0,1,N,,,20,시내,Y
연희로,1120007100,1120003300,1120002400,연희지하차도,연희삼거리,953.0,5,Y,112,서대문구,20,시내,Y
연희로,1120007200,1120002400,1120003300,연희삼거리,연희지하차도,958.0,5,Y,112,서대문구,20,시내,Y
우이천로,1080007704,1090004700,1090000500,공업사,우이제3교(북단),177.0,1,Y,108,강북구,20,시내,Y
모래내로,1120007900,1120003200,1120002700,홍남교북측,연가교(서측),575.0,2,Y,112,서대문구,20,시내,Y
모래내로,1120008000,1120002700,1120003200,연가교(서측),홍남교북측,573.0,2,Y,112,서대문구,20,시내,Y
장월로,1070020803,1070037900,1070039100,꿈의숲아파트(2),광운초교앞,364.0,3,Y,107,성북구,20,시내,Y
장터길,1030010303,1030003200,1030018100,금호역,주택은행금호동지점,258.0,1,Y,103,성동구,20,시내,Y
장터길,1030010404,1030003000,1030018100,금남시장,주택은행금호동지점,196.0,1,Y,103,성동구,20,시내,Y
장터길,1030010304,1030018100,1030003000,주택은행금호동지점,금남시장,195.0,1,Y,103,성동구,20,시내,Y
장터길,1030010403,1030018100,1030003200,주택은행금호동지점,금호역,256.0,1,Y,103,성동구,20,시내,Y
흑석로,1190003801,1190001700,1190013000,상도터널,강남초교앞,133.0,1,Y,119,동작구,20,시내,Y
흑석로,1190003707,1190017400,1190016500,중앙대입구,한신빌딩,150.0,1,Y,119,동작구,20,시내,Y
흑석로,1190003706,1190016500,1190015400,한신빌딩,중앙대병원앞(1),146.0,1,Y,119,동작구,20,시내,Y
흑석로,1190003802,1190013000,1190013200,강남초교앞,중앙대 후문,143.0,1,Y,119,동작구,20,시내,Y
증가로,1120008300,1120003200,1120013300,홍남교북측,홍남교남측,84.0,1,Y,112,서대문구,20,시내,Y
수색로,1120008500,1110005200,1120002800,증산교,북가좌삼거리,449.0,2,Y,111,은평구,20,시내,Y
응암로,1120008700,1120003600,1120002800,북가좌초교사거리,북가좌삼거리,517.0,1,Y,112,서대문구,20,시내,Y
응암로,1120008800,1120002800,1120003600,북가좌삼거리,북가좌초교사거리,517.0,1,Y,112,서대문구,20,시내,Y
새문안로3길,1000025100,1000008200,1000011900,서울역사박물관,세종아파트앞,164.0,1,Y,100,종로구,20,시내,Y
