nodeId,nodeTypeCd,nodeTypeNm,turnPCd,turnPNm,grs80tmX,grs80tmY,x,y,nodeName
1000001300,101,도로교차점,1,유,,452892.926984,127.0232274,37.5755809,신설동역
1000001400,104,도로시설물,0,무,,456258.244559,126.9720038,37.6059011,홍지문터널북측
1000001600,101,도로교차점,1,유,,452108.771316,126.992352,37.5685177,청계3가
1000002000,101,도로교차점,0,무,,452165.982278,126.9771061,37.5690312,청계광장
1000002500,101,도로교차점,0,무,,452547.532554,126.9792421,37.5724693,종로구청
1000002700,101,도로교차점,1,유,,452564.186785,126.9878067,37.5726206,낙원상가
1000003000,101,도로교차점,0,무,,452756.447972,126.9793207,37.5743517,서울지방국세청
1000003600,101,도로교차점,0,무,,452892.009278,126.9768504,37.5755726,광화문
1000004600,101,도로교차점,1,유,,453334.355131,126.9822375,37.5795591,아트선재센타
1000004700,101,도로교차점,0,무,,453416.61227,127.0172873,37.5803003,청룡사앞
1000004800,104,도로시설물,0,무,,453404.368031,127.0152386,37.5801902,창신역
1000005200,101,도로교차점,0,무,,453783.357033,126.9736832,37.5836029,효자동삼거리
1000005400,101,도로교차점,0,무,,453812.034837,126.9818519,37.5838629,삼청동주민센터
1000005500,101,도로교차점,0,무,,453947.709914,126.9701718,37.5850829,청운초등학교앞
1000005700,101,도로교차점,1,유,,454091.755983,126.9728219,37.5863814,경복고교
1000005800,101,도로교차점,0,무,,454158.428029,126.9816947,37.5869838,삼청공원입구
1000006000,101,도로교차점,0,무,,454773.747347,126.9658285,37.5925243,창의문앞
1000006100,101,도로교차점,0,무,,454806.047304,126.9644677,37.5928149,부암동주민센터
1000006200,101,도로교차점,0,무,,454842.962485,126.9665521,37.5931481,북악산로입구
1000006300,101,도로교차점,1,유,,455603.811728,126.9579421,37.6000005,세검정
1000006600,101,도로교차점,0,무,,452086.228771,126.989565,37.5683144,수표교(북단)
1000006700,101,도로교차점,0,무,,452109.268733,126.9857167,37.5685216,동광빌딩
1000006800,101,도로교차점,1,유,,452116.156167,126.9953108,37.5685844,세운교(북단)
1000006900,101,도로교차점,0,무,,452186.649867,126.9677277,37.5692152,강북삼성병원뒤
1000007000,101,도로교차점,1,유,,452197.745577,126.9784137,37.5693176,동아일보사
1000007100,101,도로교차점,0,무,,452229.428472,126.9829279,37.5696038,종로1가_남대문로_진출
1000007200,101,도로교차점,0,무,,452231.200302,126.9827935,37.5696198,종로1가_남대문로_진입
1000007300,101,도로교차점,0,무,,452227.127628,126.9769535,37.5695821,세종로사거리_태평로_진입
1000007400,101,도로교차점,0,무,,452227.28014,126.9770893,37.5695835,세종로사거리_태평로_진출
1000007500,101,도로교차점,0,무,,452272.269205,126.9659601,37.5699861,서울시교육위원회입구
1000007600,101,도로교차점,0,무,,452286.298843,126.976202,37.5701151,세종로사거리_일반국도6호선_진
1000007700,101,도로교차점,0,무,,452292.929425,126.982211,37.5701759,종로1가_일반국도6호선_진출_2
1000007800,101,도로교차점,0,무,,452292.06456,126.9837095,37.5701683,종로1가_일반국도6호선_진입_1
1000007900,101,도로교차점,1,유,,452290.69663,126.9744486,37.5701543,새문안교회
1000008000,101,도로교차점,0,무,,452288.373838,126.9777588,37.5701341,세종로사거리_일반국도6호선_진
1000008100,101,도로교차점,1,유,,452286.039954,126.9719616,37.5701118,서울역사박물관
1000008200,101,도로교차점,1,유,,452292.482572,126.9725972,37.57017,서울역사박물관
1000008300,101,도로교차점,1,유,,452291.119965,126.9749877,37.5701582,새문안교회
1000008400,101,도로교차점,1,유,,452291.754966,126.9755819,37.5701641,새문안교회
1000008500,101,도로교차점,1,유,,452296.147058,126.9876851,37.5702055,종로2가
1000008600,101,도로교차점,1,유,,452295.988308,126.9793148,37.5702029,종로구청입구
1000008700,101,도로교차점,1,유,,452298.528313,126.9829758,37.5702264,종로1가
1000008800,101,도로교차점,1,유,,452295.24183,126.9785092,37.5701961,광화문우체국
1000008900,101,도로교차점,1,유,,452297.469977,126.9810231,37.5702166,SK빌딩
1000009000,101,도로교차점,1,유,,452293.024968,126.977029,37.5701758,세종대로사거리
1000009100,101,도로교차점,1,유,,452296.411642,126.9857534,37.5702077,종각지하쇼핑센터
1000009200,101,도로교차점,0,무,,452297.594871,126.9977511,37.5702192,종로4가_배오개길_진입
1000009300,101,도로교차점,0,무,,452298.298251,126.9762006,37.5702232,세종로사거리_일반국도6호선_진
1000009400,101,도로교차점,1,유,,452305.142909,126.9894282,37.5702868,기업은행
1000009500,101,도로교차점,0,무,,452304.928264,126.9822091,37.570284,종로1가_일반국도6호선_진입_2
1000009600,101,도로교차점,0,무,,452304.064253,126.9837104,37.5702764,종로1가_일반국도6호선_진출_1
1000009700,101,도로교차점,0,무,,452300.371207,126.977756,37.5702422,세종로사거리_일반국도6호선_진
1000009800,101,도로교차점,1,유,,452319.959606,126.9921386,37.5704205,종로3가
1000009900,101,도로교차점,0,무,,452346.909041,127.0093873,37.5706632,동대문로터리_흥인지문_진입
1000010000,101,도로교차점,1,유,,452329.484625,126.9937799,37.5705064,종묘공원
1000010100,101,도로교차점,1,유,,452336.363805,126.9950438,37.5705684,세운상가
1000010200,101,도로교차점,0,무,,452371.491776,126.9766952,37.5708827,세종로사거리_일반국도48호선_진
1000010300,101,도로교차점,0,무,,452370.592191,126.977257,37.5708747,세종로사거리_일반국도48호선_진
1000010400,101,도로교차점,0,무,,452344.026614,126.9969799,37.5706375,종로4가_일반국도6호선_진출
1000010500,101,도로교차점,1,유,,452345.888824,126.9964334,37.5706543,종묘귀금속전문백화점
1000010600,101,도로교차점,0,무,,452344.343172,126.9719684,37.5706371,박시우치과의원
1000010700,101,도로교차점,0,무,,452356.856774,126.9830879,37.570752,종로1가_우정국로_진입
1000010800,101,도로교차점,0,무,,452357.25326,126.9829521,37.5707555,종로1가_우정국로_진출
1000010900,101,도로교차점,0,무,,452356.355297,126.9970324,37.5707486,종로4가_일반국도6호선_진입
1000011000,101,도로교차점,1,유,,452355.678427,126.9977692,37.5707425,종로4가
1000011100,101,도로교차점,0,무,,452372.221051,126.9964213,37.5708916,종로천주교회
1000011200,101,도로교차점,1,유,,452384.3968,127.0019255,37.5710013,종로5가
1000011300,101,도로교차점,0,무,,452392.997053,127.0080672,37.5710785,동대문로터리_일반국도6호선_진
1000011400,101,도로교차점,1,유,,452395.773907,127.0067086,37.5711036,종로6가
1000011500,101,도로교차점,1,유,,452395.117697,126.987659,37.5710973,탑골공원
1000011600,101,도로교차점,0,무,,452411.549191,126.9976705,37.5712459,종로4가_창경궁로_진출
1000011700,101,도로교차점,1,유,,452422.889467,127.0090552,37.5713478,흥인지문
1000011800,101,도로교차점,0,무,,452450.492895,126.9625571,37.5715909,행촌빌딩
1000011900,101,도로교차점,0,무,,452456.659022,126.9727045,37.5716492,세종아파트앞
1000012000,101,도로교차점,0,무,,452454.55117,126.9748337,37.5716307,로얄빌딩앞
1000012100,101,도로교차점,0,무,,452456.581947,126.9766662,37.5716494,교보빌딩앞
1000012200,101,도로교차점,1,유,,452470.62905,126.9712332,37.5717748,세종로복지센타
1000012300,101,도로교차점,1,유,,452474.50071,127.0066921,37.571813,코리아빌딩
1000012400,101,도로교차점,1,유,,452498.683759,126.9830374,37.5720298,조계사앞
1000012500,101,도로교차점,0,무,,452505.291309,127.0228573,37.5720884,황학교_청계천로_진입
1000012600,101,도로교차점,0,무,,452539.760351,126.9612058,37.5723948,교남동주민센터
1000012700,101,도로교차점,0,무,,452551.127769,126.9611565,37.5724972,독립문_일반국도48호선_진출_1
1000012900,104,도로시설물,0,무,,452543.23853,126.9633513,37.5724268,현저고가차도(동측)
1000013000,101,도로교차점,0,무,,452547.955888,126.9801287,37.5724733,석탄회관
1000013100,104,도로시설물,0,무,,452545.933586,126.9639246,37.5724512,사직터널(남측)
1000013200,101,도로교차점,1,유,,452559.265526,126.9886795,37.5725763,낙원상가
1000013300,101,도로교차점,0,무,,452562.440532,126.991532,37.5726052,봉익동
1000013400,101,도로교차점,1,유,,452566.152644,126.9865235,37.5726382,하나로빌딩
1000013500,101,도로교차점,0,무,,452563.407586,126.9785616,37.5726122,서울소방본부
1000013700,101,도로교차점,0,무,,452576.70302,126.9772355,37.5727318,미국대사관
1000013900,101,도로교차점,1,유,,452608.221478,126.9862395,37.5730172,인사동네거리
1000014000,101,도로교차점,1,유,,452610.227464,127.0074609,37.5730358,이대병원후문
1000014100,101,도로교차점,1,유,,452608.87019,127.0156343,37.5730228,동묘앞역
1000014200,101,도로교차점,1,유,,452617.52601,126.9726895,37.5730986,용비어천가
1000014300,101,도로교차점,1,유,,452629.277502,127.0073082,37.5732075,대광빌딩
1000014400,101,도로교차점,1,유,,452638.709917,127.0020232,37.5732926,기독교회관
1000014500,101,도로교차점,1,유,,452646.329932,126.9975785,37.5733613,서울특별시재향군인회
1000014600,101,도로교차점,1,유,,452666.845324,126.9876808,37.5735455,종로세무서
1000014700,101,도로교차점,1,유,,452662.209856,127.0175091,37.5735031,아람보습학원
1000014800,101,도로교차점,0,무,,452662.166599,126.9685082,37.5734998,축구회관
1000014900,101,도로교차점,0,무,,452661.094214,127.006955,37.5734941,충효길-율곡로진입로
1000015000,101,도로교차점,1,유,,452668.66081,127.0059828,37.5735624,조향빌딩
1000015200,101,도로교차점,0,무,,452718.046711,126.9676903,37.5740031,광화문풍림스페이스본
1000015300,101,도로교차점,0,무,,452725.476226,126.9734392,37.5740714,서울지방경찰청
1000015400,101,도로교차점,1,유,,452726.746229,126.9726796,37.5740827,서울지방경찰청
1000015500,101,도로교차점,1,유,,452729.286234,126.9744719,37.574106,정부서울청사별관
1000015600,101,도로교차점,0,무,,452727.029009,127.0064075,37.5740882,율곡로-충효길진출로
1010024300,101,도로교차점,0,무,,451693.484735,127.0104773,37.5647758,한양공고앞_퇴계로_진입
1010024400,101,도로교차점,1,유,,451705.555211,127.0114015,37.5648844,한양공고앞
1010024500,101,도로교차점,1,유,,451709.576886,127.0123574,37.5649206,성동여자실업고교앞
1010024700,101,도로교차점,1,유,,451716.100642,126.9785108,37.564978,서울프라자호텔
1010024900,101,도로교차점,1,유,,451724.181915,127.0135146,37.565052,금성빌딩
1010025000,101,도로교차점,1,유,,451738.042014,126.9673495,37.5651732,서대문경찰서
1010025100,101,도로교차점,1,유,,451753.180306,127.0156637,37.565313,덕산빌딩
1010025300,101,도로교차점,0,무,,451759.583353,126.9671253,37.5653672,서대문아트홀_의주로_진입_1
1010025400,101,도로교차점,0,무,,451734.068437,127.0104616,37.5651414,동대문공영주차장
1010025500,101,도로교차점,1,유,,451759.555992,127.0161987,37.5653704,신당역
1010025600,101,도로교차점,0,무,,451760.134452,127.007595,37.5653765,동대문패션TV
1010025700,101,도로교차점,0,무,,451764.579461,127.0097824,37.5654164,동대문역사문화공원입구
1010025800,101,도로교차점,0,무,,451765.72116,126.967242,37.5654225,서대문아트홀_의주로_진출_1
1010025900,101,도로교차점,0,무,,451769.661411,126.9826613,37.5654613,을지로1가_남대문로_진출_1
1010026000,101,도로교차점,0,무,,451771.293171,126.9825267,37.565476,을지로1가_남대문로_진입_2
1010026100,101,도로교차점,1,유,,451779.36347,127.0216815,37.565548,기업은행성동지점
1010026300,101,도로교차점,1,유,,451794.524125,127.0196954,37.5656849,신당중앙시장
1010026500,101,도로교차점,0,무,,451780.410008,127.0077331,37.5655592,동대문운동장_홍인문로_진출_1
1010026700,101,도로교차점,0,무,,451801.391896,126.9680923,37.5657442,농협중앙회 중앙본부
1010026800,101,도로교차점,0,무,,451783.784701,127.0076027,37.5655896,동대문운동장_홍인문로_진입
1010026900,101,도로교차점,0,무,,451806.410033,127.0084142,37.5657934,동대문운동장_을지로_진입_1
1010027000,101,도로교차점,1,유,,451814.639043,126.9667113,37.5658631,서대문역
1010027100,101,도로교차점,0,무,,451827.595477,126.9818929,37.5659832,을지로1가_을지로_진출_2
1010027200,101,도로교차점,1,유,,451831.011397,126.9796865,37.5660136,프레지던트호텔
1010027300,101,도로교차점,0,무,,451837.343715,127.0072093,37.5660722,동대문운동장_을지로_진출
1010027400,101,도로교차점,0,무,,451830.902691,126.9835143,37.5660132,을지로1가_을지로_진입_1
1010027500,101,도로교차점,1,유,,451830.196259,127.0078275,37.5660077,동대문역사문화공원
1010027600,101,도로교차점,1,유,,451834.508535,126.9826719,37.5660456,을지로1가
1010027700,101,도로교차점,0,무,,451846.130901,126.9981055,37.5661516,을지로4가_배오개길_진입_2
1010027800,101,도로교차점,1,유,,451839.478081,126.9844183,37.5660906,하나은행
1010027900,101,도로교차점,0,무,,451839.594423,126.9818911,37.5660913,을지로1가_을지로_진입_2
1010028000,101,도로교차점,1,유,,451841.859336,126.985748,37.5661122,을지로2가(외환은행)
1010028100,101,도로교차점,0,무,,451849.001817,127.0072415,37.5661772,동대문운동장_을지로_진입_2
1010028200,101,도로교차점,0,무,,451842.896471,126.9835099,37.5661213,을지로1가_을지로_진출_1
1010028300,101,도로교차점,1,유,,451846.357261,126.9875388,37.5661529,을지로2가
1010028400,101,도로교차점,0,무,,451859.173841,126.9671908,37.5662645,서대문아트홀_일반국도6호선_진
1010028500,101,도로교차점,1,유,,451853.220567,127.0067592,37.5662152,타임캐슬 오피스텔
1010028600,101,도로교차점,1,유,,451854.982475,126.989751,37.5662309,을지로3가역
1010028700,101,도로교차점,0,무,,451866.733153,126.9670853,37.5663326,서대문아트홀_일반국도6호선_진
1010028800,101,도로교차점,0,무,,451899.138532,127.0080566,37.5666289,동대문운동장_홍인문로_진출_2
1010028900,101,도로교차점,1,유,,451871.386674,126.992623,37.5663789,을지로3가
1010029000,101,도로교차점,1,유,,451882.577897,126.9673181,37.5664754,서울적십자병원
1010029100,101,도로교차점,0,무,,451888.637542,126.9955601,37.5665345,대림상가앞
1010029200,101,도로교차점,0,무,,451893.910321,126.9974814,37.566582,을지로4가_을지로_진출_2
1010029300,101,도로교차점,1,유,,451899.152325,127.0044568,37.5666292,을지전화국
1010029600,101,도로교차점,1,유,,451903.679576,126.9981208,37.5666701,을지로4가
1010029700,101,도로교차점,0,무,,451906.175828,126.9975221,37.5666925,을지로4가_을지로_진입
1010029800,101,도로교차점,1,유,,451921.09669,126.9875762,37.5668264,장교빌딩
1010029900,101,도로교차점,0,무,,451898.115965,126.9827605,37.5666187,을지로1가_남대문로_진입_1
1010030000,101,도로교차점,0,무,,451913.29919,126.9987679,37.5667567,을지로4가_을지로_진출_1
1010030100,101,도로교차점,1,유,,451916.578039,127.0004343,37.5667863,중부시장앞
1010030300,101,도로교차점,0,무,,451917.286683,126.9857506,37.5667918,기업은행
1010030400,101,도로교차점,0,무,,451898.445964,126.9826247,37.5666216,을지로1가_남대문로_진출_2
1010030600,101,도로교차점,1,유,,451921.878191,127.0161317,37.5668329,광희초교
1010030700,101,도로교차점,1,유,,451925.794377,127.002264,37.5668693,을지로5가
1010031200,101,도로교차점,0,무,,451946.613158,127.012593,37.5670562,디자이너클럽앞
1010031300,101,도로교차점,0,무,,451952.226935,126.998016,37.5671075,을지로4가_배오개길_진출
1010031400,101,도로교차점,1,유,,451955.974291,126.9981493,37.5671412,을지로4가_배오개길_진입_1
1010031500,104,도로시설물,0,무,,451998.862504,126.9683329,37.5675234,서대문고가차도(북측)
1010031700,101,도로교차점,1,유,,452024.882577,127.0089468,37.5677618,밀리오레
1010031800,101,도로교차점,1,유,,452039.535011,127.0125261,37.5678935,동대문디자인플라자
1010031900,101,도로교차점,1,유,,452047.530956,127.0077441,37.5679659,케레스타
1010032000,101,도로교차점,1,유,,452053.244079,127.0160061,37.5680166,흥인사거리
1010032100,101,도로교차점,1,유,,452049.15528,126.9876671,37.5679802,청계2가
1010032200,101,도로교차점,0,무,,452051.039117,126.989553,37.5679973,수표교(남단)
1010032400,101,도로교차점,1,유,,452056.63264,127.0072386,37.568048,동화상가
1010032500,101,도로교차점,0,무,,452070.745323,126.9858917,37.5681745,삼일교
1010032600,101,도로교차점,1,유,,452075.962917,126.9923856,37.5682221,청계3가
1010032700,101,도로교차점,1,유,,452082.387013,126.9876862,37.5682796,청계2가
1010032800,101,도로교차점,1,유,,452088.091538,126.9691612,37.5683276,정동사거리
1010032900,101,도로교차점,1,유,,452092.66345,127.0196396,37.5683712,동대문중앙교회앞
1010033000,101,도로교차점,1,유,,452097.112428,127.0021233,37.5684129,방산종합시장
1010033400,101,도로교차점,1,유,,452131.83465,126.9827649,37.5687245,광교
1010033500,101,도로교차점,1,유,,452132.721006,126.9979473,37.5687337,청계4가
1010033600,101,도로교차점,1,유,,452144.532691,127.0096498,37.5688398,청계6가앞
1010033700,101,도로교차점,1,유,,452166.561282,126.9827798,37.5690374,광교
1010033800,101,도로교차점,0,무,,452155.616109,126.9798296,37.5689383,효령빌딩
1010034000,101,도로교차점,1,유,,452165.793989,126.9979233,37.5690317,청계4가
1010034100,101,도로교차점,0,무,,452159.889139,126.9792933,37.5689767,무교동사거리
1010034200,103,속성변화점,0,무,,452172.832361,126.9761544,37.5690927,광화문빌딩
1010034300,101,도로교차점,0,무,,452192.665567,126.9792763,37.569272,모전교
1010034400,101,도로교차점,1,유,,452209.503684,126.9743376,37.5694227,덕수초교앞
1010034500,101,도로교차점,1,유,,452212.36119,126.9757733,37.5694488,삼원약국
1010034600,101,도로교차점,0,무,,452216.175166,127.0020515,37.5694856,청계5가
1010034700,101,도로교차점,1,유,,452232.122076,127.009742,37.5696289,청계6가
1010034800,101,도로교차점,1,유,,452235.806944,127.0158987,37.5696615,청계7가
1010034900,101,도로교차점,1,유,,452221.35219,127.0066319,37.5695321,버들다리(남측)
1010035000,101,도로교차점,0,무,,452251.893987,127.00202,37.5698075,청계5가
1010035100,101,도로교차점,0,무,,452266.888396,127.0096899,37.5699422,청계6가
1010035200,101,도로교차점,0,무,,452275.097648,127.0158718,37.5700155,청계7가
1010035300,101,도로교차점,0,무,,452377.203573,127.0190905,37.570935,영도교(북단)
1010035400,101,도로교차점,1,유,,452408.859742,127.0188537,37.5712202,영도교(남단)
1010035500,101,도로교차점,0,무,,452455.90969,127.022817,37.5716434,황학교_청계천로_진출
1010035600,101,도로교차점,0,무,,450605.481989,126.9690937,37.5549693,철도빌딩
1010035700,101,도로교차점,0,무,,451249.35398,126.9706666,37.560771,순화공원
1010035800,101,도로교차점,0,무,,451429.901351,126.9714584,37.5623979,중앙일보
1010035900,101,도로교차점,0,무,,450734.226177,126.9726383,37.5561302,통일로_한강대로_진입
1010036000,101,도로교차점,0,무,,450627.538806,126.9728469,37.555169,한강대로_퇴계로_진출
1010036100,103,속성변화점,1,유,,450799.206627,126.9744893,37.5567161,메트로타워
1010036200,101,도로교차점,0,무,,452164.664055,126.9769706,37.5690193,청계광장
1010036300,101,도로교차점,0,무,,451243.758711,126.9801491,37.5607225,메사
1020000100,104,도로시설물,0,무,,446303.770096,126.9832075,37.5162137,동작대교북단
1020000300,104,도로시설물,0,무,,446649.470469,126.99425,37.5193295,반포대교북단
1020000600,104,도로시설물,0,무,,447786.072541,127.0106545,37.52957,한남대교북단
1020000700,104,도로시설물,0,무,,447853.198755,126.9516861,37.5301654,원효대교북단
1120027400,101,도로교차점,0,무,,452541.384,126.9147585,37.572385,DMC파크뷰APT
1000015700,104,도로시설물,0,무,,452678.225517,126.9651932,37.5736436,사직터널(북측)
1000015800,101,도로교차점,1,유,,452742.811761,126.9699767,37.5742268,동아기획
1000015900,104,도로시설물,0,무,,452735.704597,126.9756211,37.5741641,중앙지하차도(서측)
1000016100,101,도로교차점,0,무,,452763.432986,126.9785108,37.5744145,역사박물관
1000016200,104,도로시설물,0,무,,452761.316315,126.978034,37.5743953,중앙지하차도(동측)
1000016300,101,도로교차점,0,무,,452768.84549,126.9672632,37.5744606,사직단
1000016400,101,도로교차점,1,유,,452768.40584,126.9909726,37.5744609,원광빌딩
1000016500,101,도로교차점,1,유,,452802.184379,126.9704072,37.5747619,인왕빌딩
1000016600,101,도로교차점,1,유,,452804.233582,126.9677985,37.5747796,사직단
1000016700,101,도로교차점,0,무,,452799.747216,126.9766029,37.5747413,광화문_일반국도48호선_진입_2
1000016900,101,도로교차점,0,무,,452812.711825,126.9771689,37.5748582,광화문_일반국도48호선_진출_1
1000017000,101,도로교차점,1,유,,452843.489448,126.9868136,37.575137,운현초교입구
1000017300,101,도로교차점,0,무,,452826.693271,126.9828039,37.5749851,안국동사거리_우정국로_진입
1000017400,101,도로교차점,0,무,,452854.116555,127.0225012,37.5752313,신설동역_일반국도6호선_진출_2
1000017700,101,도로교차점,0,무,,452864.886391,127.0224414,37.5753284,신설동역_일반국도6호선_진입_2
1000017800,101,도로교차점,1,유,,452890.124794,126.9688477,37.5755538,사직공원
1000017900,101,도로교차점,1,유,,452895.978036,126.9830055,37.5756094,안국동사거리
1000018000,101,도로교차점,1,유,,452862.001499,126.9726887,37.5753014,적선현대빌딩
1000018100,101,도로교차점,0,무,,452895.529794,126.9820371,37.5756052,안국동사거리_율곡로_진출_2
1000018200,101,도로교차점,0,무,,452870.460978,126.9792458,37.5753789,경복궁_중학천길_진출
1000018300,101,도로교차점,0,무,,452890.114117,126.9791986,37.575556,경복궁_중학천길_진입
1000018500,101,도로교차점,0,무,,452895.669571,126.975634,37.5756053,광화문_일반국도48호선_진출_2
1000018600,101,도로교차점,0,무,,452902.377878,126.9906139,37.5756679,도서출판집문당
1000018900,101,도로교차점,0,무,,452895.588859,126.9779452,37.5756051,광화문_일반국도48호선_진입_1
1000019000,101,도로교차점,0,무,,452914.569462,126.9655996,37.5757731,전교가르멜수녀원영성센터
1000019100,101,도로교차점,0,무,,452904.741672,126.9786481,37.5756877,경복궁_일반국도48호선_진출
1000019200,101,도로교차점,1,유,,452914.234322,126.9813071,37.5757736,한국일보문화센타
1000019300,101,도로교차점,1,유,,452912.646819,126.9743313,37.575758,정부서울청사
1000019400,101,도로교차점,0,무,,452926.222062,126.9801458,37.5758815,경복궁교차로
1000019600,101,도로교차점,1,유,,452929.580186,126.9973494,37.5759134,원남동사거리
1000019700,101,도로교차점,1,유,,452923.230174,126.9794201,37.5758544,경복궁교차로
1000019800,101,도로교차점,1,유,,452928.786435,126.972636,37.5759031,경복궁역
1000020100,101,도로교차점,0,무,,452916.022105,126.9689332,37.5757871,사직공원
1000020200,101,도로교차점,0,무,,452916.614879,126.9786284,37.5757946,경복궁_일반국도48호선_진입
1000020300,101,도로교차점,0,무,,452938.186464,126.9801205,37.5759893,경복궁_율곡로_진출
1000020500,101,도로교차점,0,무,,452954.827829,126.969969,37.5761371,일반국도48호선-매동길진출로
1000020600,101,도로교차점,0,무,,453000.92424,126.9794688,37.5765544,경복궁_삼청동길_진출
1000020700,101,도로교차점,1,유,,452957.89066,127.0022106,37.5761684,이화사거리
1000020800,101,도로교차점,0,무,,452971.774698,126.9690959,37.5762895,파크맨션아파트
1000020900,101,도로교차점,0,무,,452972.022185,126.9963188,37.5762957,원남동사거리_율곡로_진입
1000021000,101,도로교차점,0,무,,453000.739362,126.9796046,37.5765528,경복궁_삼청동길_진입
1000021100,101,도로교차점,0,무,,453015.84262,126.9971754,37.5766906,원남동사거리_창경궁로_진출
1000021200,101,도로교차점,1,유,,453034.61998,126.9861801,37.576859,안국역
1000021300,101,도로교차점,1,유,,453054.186067,126.9971968,37.5770361,원남빌딩
1000021400,101,도로교차점,1,유,,453098.649275,126.9901038,37.5774363,창덕궁
1000021500,101,도로교차점,1,유,,453094.415933,126.9892652,37.5773981,현대주택문화센터
1000021600,101,도로교차점,0,무,,453119.788753,126.9980116,37.5776271,서울대학교치과대학
1000021700,102,도로시.종점,0,무,,453172.585691,126.9666022,37.5780981,매동초등학교
1000021800,101,도로교차점,0,무,,453280.232408,126.9998519,37.5790727,서울대학교병원
1000021900,101,도로교차점,0,무,,453297.789642,126.9850218,37.57923,재동초등학교앞
1000022000,101,도로교차점,0,무,,453305.859449,126.9892467,37.5793032,계동창덕궁앞
1000022100,101,도로교차점,0,무,,453316.677402,126.9738284,37.5793982,합동청사
1000022200,101,도로교차점,0,무,,453320.853417,126.9687732,37.5794346,남전빌라
1000022300,101,도로교차점,0,무,,453323.234672,126.9696574,37.5794563,태창빌딩
1000022400,101,도로교차점,0,무,,453283.001296,127.0152347,37.5790967,창신쌍용아파트
1000022500,101,도로교차점,1,유,,453328.054508,126.9713901,37.5795002,옥인시장
1000022600,101,도로교차점,0,무,,453383.420114,127.0021793,37.5800024,함춘회관
1000022700,101,도로교차점,1,유,,453389.702548,126.9799387,37.5800574,국군서울지구병원
1000022800,101,도로교차점,0,무,,453444.837415,126.9685948,37.5805517,송림빌딩
1000022900,101,도로교차점,1,유,,453460.642035,127.0153875,37.5806972,종로센트레빌아파트
1000023000,101,도로교차점,1,유,,453496.06526,126.980211,37.5810157,국립민속박물관
1000023100,101,도로교차점,0,무,,453538.341352,126.9684974,37.5813941,퍼스트빌
1000023200,101,도로교차점,0,무,,453551.363288,126.9708981,37.581512,효자동사무소앞
1000023300,101,도로교차점,1,유,,453551.692143,127.0122582,37.5815179,쌍용아파트
1000023400,101,도로교차점,0,무,,453554.383071,126.9811174,37.5815413,안송빌딩
1000023500,105,행정경계,0,무,,453586.272092,127.0152482,37.5818292,종로구-성북구경계(1)
1000023600,101,도로교차점,0,무,,453583.907103,126.9736837,37.5818059,유니세프한국위원회
1000023700,101,도로교차점,0,무,,453636.243334,127.0146497,37.5822795,명신초교
1000023800,102,도로시.종점,0,무,,453648.196572,126.9630674,37.5823823,옥인시범아파트
1000023900,101,도로교차점,1,유,,453647.889323,127.001889,37.5823853,혜명교회앞
1000024000,101,도로교차점,1,유,,453717.963478,126.9987504,37.5830167,성균관대입구
1000024100,101,도로교차점,0,무,,453751.286382,126.9851048,37.583316,대한불교조계종안국선원
1000024200,101,도로교차점,1,유,,453768.322055,126.9792608,37.5834686,팔판동삼거리
1000024300,101,도로교차점,0,무,,453799.655399,126.9727055,37.5837496,무궁화동산
1000024400,101,도로교차점,1,유,,453812.242976,126.970364,37.5838624,신교동교차로
1000024500,101,도로교차점,1,유,,453860.926407,126.9702829,37.584301,신교소방파출소
1000024600,101,도로교차점,0,무,,453896.175592,126.9727746,37.5846192,주한교황청대사관
1000024700,101,도로교차점,0,무,,453951.575043,126.9711881,37.585118,궁정교회
1000024900,101,도로교차점,1,유,,453967.903274,127.0013176,37.5852686,혜화동_대학로_진입
1000025000,101,도로교차점,1,유,,453971.829395,127.0009786,37.585304,혜화동로터리
1000025300,101,도로교차점,1,유,,454030.065337,127.0014287,37.5858287,혜화동로터리
1000025400,101,도로교차점,0,무,,454026.877572,127.0009795,37.5858,혜화동_우암길_진입
1000025600,101,도로교차점,0,무,,454035.481085,127.0012318,37.5858775,혜화동_혜화문길_진입
1000025700,101,도로교차점,0,무,,454038.991346,126.9700247,37.5859053,경복고등학교
1000025800,101,도로교차점,0,무,,454094.094463,126.9852831,37.5864047,삼청우체국
1000025900,101,도로교차점,0,무,,454244.958087,126.9966564,37.5877648,명륜파출소
1000026000,101,도로교차점,1,유,,454261.074772,127.0046446,37.58791,베드루신경정신과의원
1000026100,101,도로교차점,1,유,,454356.756565,126.968632,37.588768,경기상고
1000026200,101,도로교차점,0,무,,454415.217803,126.9973783,37.5892989,르느와르5
1000026300,104,도로시설물,0,무,,454433.750469,126.967023,37.5894613,자하문터널(남측)
1000026400,101,도로교차점,0,무,,454472.699088,126.999166,37.5898168,국민생활관
1000026500,103,속성변화점,0,무,,454597.640328,126.9656771,37.5909375,청운아파트
1000026600,102,도로시.종점,0,무,,454648.502827,126.9679518,37.5913964,벽산빌라
1000026700,105,행정경계,0,무,,454673.760554,126.9896982,37.5916279,종로구-성북구경계(3)
1000026800,101,도로교차점,0,무,,454741.573949,126.967329,37.5922348,윤동주문학관
1000026900,105,행정경계,0,무,,454754.322151,126.999139,37.5923542,종로구-성북구경계(2)
1000027100,104,도로시설물,0,무,,454852.960669,126.9821138,37.5932416,삼청터널(남측)
1000027200,105,행정경계,0,무,,455075.211113,126.9832728,37.5952442,종로구-성북구경계(4)
1000027300,101,도로교차점,0,무,,455555.234266,126.9587748,37.5995631,세검정_자하문길_진입
1000027400,101,도로교차점,1,유,,455566.901376,126.9576028,37.5996678,송암교앞거리
1000027500,101,도로교차점,0,무,,455566.272385,126.958828,37.5996626,세검정_자하문길_진출
1000027600,101,도로교차점,0,무,,455649.624119,126.9584652,37.6004135,세검정_세검정길_진입
1000027700,101,도로교차점,0,무,,455700.669266,126.9567366,37.6008728,상명초등학교
1000027800,101,도로교차점,0,무,,455746.529164,126.9800303,37.6012922,북악팔각정
1000027900,102,도로시.종점,1,유,,455797.028504,126.9551275,37.6017404,상명대학교
1000028000,101,도로교차점,0,무,,455798.599268,126.9812958,37.6017616,북악팔각정후문
1000028100,101,도로교차점,0,무,,455931.639097,126.9614272,37.6029554,신영삼거리_세검정길_진입
1000028200,101,도로교차점,1,유,,455993.960477,126.9618408,37.6035171,신영동삼거리
1000028300,101,도로교차점,0,무,,456050.042991,126.9626238,37.6040226,신영삼거리_세검정길_진출
1000028400,101,도로교차점,0,무,,456067.532081,126.9612682,37.6041797,신영삼거리_진흥로_진출
1000028500,101,도로교차점,0,무,,456071.554132,126.9613962,37.604216,신영삼거리_진흥로_진입
1000028600,101,도로교차점,1,유,,456144.654216,126.9652068,37.6048758,경일약국
1000028700,104,도로시설물,0,무,,456372.423646,126.973909,37.6069303,정릉터널(남측)
1000028800,101,도로교차점,1,유,,456379.326873,126.9589219,37.6069882,구기터널
1000028900,105,행정경계,0,무,,456413.135858,126.9858525,37.6072991,종로구-성북구경계(5)
1000029000,101,도로교차점,0,무,,456424.561894,126.971967,37.6073996,동양카센타
1000029100,101,도로교차점,1,유,,456538.811169,126.9567502,37.6084244,구기터널동측
1000029300,104,도로시설물,0,무,,456574.589764,126.955006,37.6087461,구기터널(동측)
1000029400,105,행정경계,0,무,,456622.55889,126.9856492,37.609186,종로구-성북구경계(6)
1000029600,105,행정경계,0,무,,456655.949301,126.9512389,37.6094776,종로구-은평구경계(1)
1000029700,101,도로교차점,0,무,,456720.89582,126.975869,37.6100704,가나힐하우스
1000029800,101,도로교차점,0,무,,456804.821821,126.9564774,37.610821,하비에르 국제학교
1000029900,101,도로교차점,0,무,,456837.577304,126.9783769,37.6111221,평창동삼성아파트
1000030000,104,도로시설물,0,무,,456891.552412,126.9795589,37.6116087,북악터널(서측)
1000030100,105,행정경계,0,무,,456902.268058,126.9851146,37.611706,종로구-성북구경계(7)
1000030200,101,도로교차점,0,무,,456896.897006,126.956396,37.6116505,구기동3차현대빌라
1000030300,101,도로교차점,0,무,,456958.015878,126.9568766,37.6122014,건덕빌라
1000030400,101,도로교차점,0,무,,456998.708876,126.9749962,37.6125733,가나아트센타
1000030500,101,도로교차점,0,무,,457080.650498,126.9558556,37.6133059,이북5도청
1000030600,101,도로교차점,0,무,,457097.883727,126.9781119,37.6134674,북악휴계실
1000030700,102,도로시.종점,0,무,,457401.723015,126.9544424,37.6161982,구기동삼익빌라
1000030800,101,도로교차점,0,무,,455054.566513,126.9636335,37.5950538,베네스트아파트
1000030900,101,도로교차점,0,무,,452747.624195,126.976612,37.5742717,세종로공원
1000031000,101,도로교차점,0,무,,452208.664505,126.9770922,37.5694158,청계광장
1000031100,101,도로교차점,0,무,,452755.297127,126.9771841,37.5743409,대한민국역사박물관
1000031200,101,도로교차점,0,무,,452298.712846,126.9978863,37.5702293,창경궁로_종로_진출
1000031300,101,도로교차점,0,무,,452355.939859,126.9985533,37.5707449,창경궁로_종로_진입
1000031400,101,도로교차점,1,유,,452252.83767,127.0067458,37.5698158,버들다리(북측)
1000031500,101,도로교차점,0,무,,453311.914745,127.0153629,37.5793572,신창읍민회관
1010000300,101,도로교차점,0,무,,450385.290336,126.976534,37.5529871,후암삼거리
1010000400,101,도로교차점,1,유,,450588.7724,127.0106494,37.5548223,약수역
1010000600,101,도로교차점,1,유,,450643.916652,127.0038611,37.5553196,남산2호터널북단
1010000700,101,도로교차점,0,무,,450720.147672,126.9769403,37.5560042,도동삼거리
1010000900,104,도로시설물,0,무,,450653.512227,126.983155,37.5554049,남산3호터널북단
1010001000,101,도로교차점,0,무,,450836.406499,126.9726242,37.5570508,서울역
1010001100,104,도로시설물,0,무,,450686.721911,126.9929839,37.5557051,남산1호터널(북측)
1010002800,101,도로교차점,1,유,,451646.187663,126.9983458,37.5643501,중구청
1010003200,101,도로교차점,0,무,,451699.777802,126.9899648,37.5648325,중부경찰서앞
1010003700,101,도로교차점,1,유,,451747.639038,126.97341,37.5652612,정동제일교회
1010004000,101,도로교차점,1,유,,451827.836391,126.9790486,37.5659849,시청앞광장
1010004800,101,도로교차점,1,유,,451937.903278,126.9791981,37.5669766,시청후문
1010004900,101,도로교차점,1,유,,451946.606103,126.9771277,37.5670546,서울시의회
1010005300,101,도로교차점,0,무,,452233.633732,127.0122029,37.5696423,동평화시장
1010005400,101,도로교차점,0,무,,450144.611625,126.9988289,37.5508209,남산공원길삼거리2
1010005500,101,도로교차점,0,무,,450196.50534,127.0006451,37.5512885,국립극장
1010005600,104,도로시설물,0,무,,450259.445211,127.0130668,37.5518549,금호터널(북측)
1010005700,101,도로교차점,0,무,,450292.388648,127.0121868,37.5521518,약수고가차도_매봉산길_진출
1010005800,101,도로교차점,0,무,,450296.035009,127.0127036,37.5521846,약수고가차도_동호로_진입
1010005900,102,도로시.종점,0,무,,450344.061997,126.9968071,37.5526179,남산학사빌딩
1010006000,101,도로교차점,1,유,,450359.987079,127.0122944,37.5527608,약수고가차도(남측)
1010006400,101,도로교차점,0,무,,450559.214538,126.9831145,37.5545553,남산공원길삼거리
1010006500,101,도로교차점,0,무,,450598.234043,126.9812592,37.5549066,백범광장
1010006700,101,도로교차점,0,무,,450591.970796,126.967477,37.5548471,서울역고가차도(서측)_1
1010006900,101,도로교차점,0,무,,450596.628825,127.0033989,37.5548935,남산2호터널입구_장충단길_진입
1010007100,104,도로시설물,0,무,,450631.94313,127.0024142,37.5552117,남산2호터널(북측)
1010007300,101,도로교차점,0,무,,450634.614607,127.003093,37.5552358,남산2호터널입구_남산2호터널_진
1010007400,101,도로교차점,0,무,,450646.489358,127.0030734,37.5553428,남산2호터널입구_남산2호터널_진
1010007600,101,도로교차점,0,무,,450696.291614,127.004126,37.5557915,남산2호터널입구_장충단길_진출
1010007800,104,도로시설물,0,무,,450770.092066,127.0093844,37.5564561,약수고가차도(북측)
1010007900,101,도로교차점,0,무,,450779.02832,126.9685659,37.5565328,경림회관_만리재안길_진입
1010008000,101,도로교차점,1,유,,450789.115866,126.9925706,37.5566277,남산1호터널북단
1010008100,101,도로교차점,1,유,,450780.692434,126.9739635,37.5565491,한국외환은행남대문지점
1010008200,101,도로교차점,0,무,,450785.340034,126.9850512,37.5565929,숭의여자대학
1010008300,101,도로교차점,0,무,,450786.169714,126.969878,37.5565975,청파로-만리재안길진입로
1010008400,101,도로교차점,0,무,,450810.169008,126.96988,37.5568137,서울역(서부)
1010008500,101,도로교차점,1,유,,450825.57179,126.969023,37.5569523,서울역(서부)
1010008700,101,도로교차점,0,무,,450894.127025,126.9730184,37.557571,퇴계로_세종대로_진입
1010008800,104,도로시설물,0,무,,450855.107808,126.9757455,37.55722,서울역
1010008900,103,속성변화점,1,유,,450857.518511,126.9832768,37.557243,요금징수소
1010009000,101,도로교차점,0,무,,450865.283897,126.9682912,37.5573099,경림회관_중림길_진출
1010009100,101,도로교차점,0,무,,450900.87692,126.9717122,37.5576315,통일로_한강대로_진출
1010009200,101,도로교차점,0,무,,450874.98012,126.9683711,37.5573973,경림회관_중림길_진입
1010009300,101,도로교차점,0,무,,450905.492304,126.9718375,37.5576731,세종대로_통일로_진입
1010009400,101,도로교차점,0,무,,450900.694272,126.9729047,37.5576301,세종대로_통일로_진출
1010009500,101,도로교차점,0,무,,450886.733952,126.9690832,37.5575034,경림회관_만리재안길_진출
1010009600,101,도로교차점,0,무,,450951.421364,127.019052,37.5580887,금호여중
1010009700,101,도로교차점,0,무,,450945.379684,126.9693942,37.5580319,서울역소화물취급소
1010009800,101,도로교차점,0,무,,450995.574625,126.9716509,37.5584847,청암빌딩
1010009900,101,도로교차점,0,무,,451018.785816,127.0056978,37.5586971,장충체육관_장충단길_진입_2
1010010000,101,도로교차점,0,무,,451004.776021,126.9693937,37.558567,중림삼거리_청파로_진출
1010010100,101,도로교차점,0,무,,451052.613505,127.0051102,37.5590019,장충체육관_훈련원로_진출
1010010200,104,도로시설물,0,무,,450957.387328,126.9716467,37.5581406,의주로지하차도(남측)
1010010300,101,도로교차점,0,무,,451043.799191,127.0067558,37.5589224,장충체육관_동호로_진출
1010010400,101,도로교차점,1,유,,451063.250985,127.0058452,37.5590977,장충체육관
1010010500,101,도로교차점,0,무,,451064.583226,127.0051006,37.5591097,장충체육관_훈련원로_진입
1010010600,101,도로교차점,1,유,,451078.314122,126.9688176,37.5592294,중림동입구
1010010700,101,도로교차점,0,무,,451064.627499,126.9640797,37.5591048,충정로역가구상가_중림길_진출
1010010900,101,도로교차점,0,무,,451066.815255,126.9636891,37.5591244,충정로역
1010011000,101,도로교차점,0,무,,451096.999965,126.9693003,37.5593979,중림삼거리_칠패길_진입
1010011100,101,도로교차점,0,무,,451060.376821,126.9758644,37.5590695,숭례문_소월길_진출
1010011200,101,도로교차점,0,무,,451096.202288,126.9639333,37.5593892,충정로역가구상가_서소문로_진입
1010011400,101,도로교차점,0,무,,451069.595308,126.9742665,37.5591522,숭례문
1010011500,101,도로교차점,0,무,,451108.870619,126.9692787,37.5595049,신흥빌딩
1010011600,101,도로교차점,0,무,,451115.482706,126.9962085,37.5595684,미도파빌딩
1010011700,101,도로교차점,0,무,,451117.324317,126.9800455,37.5595834,신세계백화점(정문)
1010011800,101,도로교차점,0,무,,451128.734528,126.9684502,37.5596836,중림삼거리_청파로_진입
1010012000,101,도로교차점,0,무,,451133.101125,127.0028567,37.5597272,엠버서더호텔
1010012100,101,도로교차점,1,유,,451120.900155,126.9713632,37.5596138,염천교
1010012200,101,도로교차점,0,무,,451104.27207,126.9742843,37.5594646,숭례문_매동1길_진출
1010012400,101,도로교차점,1,유,,451132.03838,126.972855,37.5597145,연세봉래빌딩
1010012500,101,도로교차점,0,무,,451152.709781,126.9822136,37.5599025,회현사거리_반포로_진입_2
1010012600,101,도로교차점,0,무,,451161.523945,127.0055373,37.5599832,장충체육관_장충단길_진출
1010012700,101,도로교차점,0,무,,451162.900294,127.005672,37.5599955,장충체육관_장충단길_진입_1
1010012800,101,도로교차점,0,무,,451144.79044,126.9900711,37.5598321,퇴계로2가
1010012900,101,도로교차점,0,무,,451156.873083,126.982341,37.5599401,회현사거리_반포로_진출
1010013100,101,도로교차점,0,무,,451013.991472,126.9921881,37.5586538,필동2가삼익주택
1010013500,101,도로교차점,0,무,,451142.952464,126.9739143,37.5598131,칠패길-숭례성터길진출로
1010013600,101,도로교차점,0,무,,451164.458598,126.9814071,37.5600083,회현사거리_퇴계로_진출_2
1010013800,101,도로교차점,1,유,,451228.147589,126.975608,37.560581,숭례문
1010013900,101,도로교차점,0,무,,451129.773503,126.9907887,37.5596969,퇴계로2가
1010014000,101,도로교차점,0,무,,451171.855605,126.9893485,37.5600759,퇴계로-삼일로진출로2
1010014100,101,도로교차점,0,무,,451174.607043,126.9813346,37.5600997,회현사거리_퇴계로_진입_2
1010014300,101,도로교차점,0,무,,451170.309554,126.9883924,37.5600619,대한적십자사
1010014400,101,도로교차점,0,무,,451182.369506,126.9961078,37.560171,필동사무소
1010014500,101,도로교차점,1,유,,451194.007986,127.013781,37.5602752,청구역
1010014600,101,도로교차점,0,무,,451178.445507,126.9901932,37.5601353,주자동빌딩
1010014800,101,도로교차점,0,무,,451222.667625,126.9764884,37.5605318,숭례문_남대문로_진입_1
1010014900,101,도로교차점,1,유,,451208.28726,126.9820328,37.5604032,회현사거리
1010015000,101,도로교차점,0,무,,451234.118148,126.9764459,37.560635,숭례문_남대문로_진출_1
1010015100,101,도로교차점,0,무,,451226.097891,126.9827322,37.5605638,회현사거리_퇴계로_진입_1
1010015200,101,도로교차점,0,무,,451225.917585,127.012946,37.5605628,남양알로에
1010015300,101,도로교차점,0,무,,451251.230764,126.9883063,37.560791,퇴계로-삼일로진출로3
1010015400,101,도로교차점,0,무,,451234.612693,126.9817945,37.5606404,신세계백화점(후문)
1010015500,101,도로교차점,0,무,,451204.734563,126.9749933,37.56037,숭례문
1010015600,101,도로교차점,0,무,,451237.959264,126.9827116,37.5606707,회현사거리_퇴계로_진출_1
1010015700,101,도로교차점,0,무,,451272.506659,126.9758217,37.5609808,숭례문_태평로_진입
1010015800,104,도로시설물,0,무,,451259.850602,126.9705181,37.5608655,서소문공원
1010015900,104,도로시설물,0,무,,451243.497355,126.9660367,37.560717,서소문고가차도(서측)
1010016000,101,도로교차점,1,유,,451264.643622,126.9857879,37.5609115,연정가든
1010016100,101,도로교차점,0,무,,451264.505784,126.9816686,37.5609097,회현사거리_반포로북창중앙길_진
1010016200,101,도로교차점,1,유,,451276.15302,126.986794,37.5610153,신일빌딩
1010016300,101,도로교차점,0,무,,451273.145632,126.9871039,37.5609883,퇴계로-소파길진출로
1010016400,101,도로교차점,0,무,,451269.473969,126.9817922,37.5609545,회현사거리_반포로_진입_1
1010016500,101,도로교차점,1,유,,451285.148872,126.9932324,37.5610969,충무로역
1010016600,101,도로교차점,0,무,,451282.520452,126.9739026,37.5610706,서울상공회의소
1010016700,101,도로교차점,0,무,,451287.79471,126.9905073,37.5611206,흥국빌딩
1010016800,101,도로교차점,0,무,,451293.604746,126.9898415,37.5611729,삼일로-퇴계로진입로
1010016900,101,도로교차점,1,유,,451292.05407,126.9816014,37.5611579,중앙우체국
1010017000,101,도로교차점,1,유,,451297.981189,126.9890265,37.5612122,퇴계로2가
1010017100,101,도로교차점,0,무,,451298.064753,126.9717651,37.5612101,중앙일보빌딩
1010017200,101,도로교차점,1,유,,451330.476277,126.9723602,37.5615023,삼성공제회관
1010017500,101,도로교차점,0,무,,451352.329517,126.968153,37.5616981,서소문공원후문
1010017600,101,도로교차점,1,유,,451350.85651,126.9960071,37.5616891,진양상가
1010017700,101,도로교차점,1,유,,451362.962545,126.9866831,37.5617975,LG패션
1010017800,101,도로교차점,1,유,,451370.163856,126.9760659,37.5618607,삼성본관
1010017900,101,도로교차점,1,유,,451374.794074,126.9812467,37.5619033,한국은행앞
1010018000,101,도로교차점,1,유,,451371.181117,126.9688941,37.5618682,임광빌딩
1010018100,101,도로교차점,1,유,,451380.160496,126.988947,37.5619527,동북아문화연구원
1010018200,101,도로교차점,1,유,,451390.378819,126.9696508,37.5620414,경찰청앞
1010018300,101,도로교차점,0,무,,451389.95958,127.0103733,37.562041,산다빌딩
1010018400,101,도로교차점,1,유,,451392.595937,126.9904174,37.5620648,극동빌딩
1010018500,101,도로교차점,0,무,,451399.598811,126.9747295,37.5621256,서소문교회
1010018600,101,도로교차점,1,유,,451394.669172,127.0064653,37.5620837,덕양빌딩
1010018700,101,도로교차점,1,유,,451402.269721,126.9701255,37.5621486,혜명빌딩
1010018800,101,도로교차점,1,유,,451416.261641,126.9985489,37.5622785,퇴계로4가
1010018900,101,도로교차점,0,무,,451426.197867,126.9959682,37.5623679,"진양상가, 진양아파트"
1010019000,101,도로교차점,1,유,,451434.19756,127.0026472,37.56244,태광산업
1010019100,101,도로교차점,0,무,,451444.603139,126.9717874,37.5625304,서소문고가차도(동측)
1010019200,101,도로교차점,0,무,,451456.207646,127.0025595,37.5626383,퇴계로5가_훈련원로_진입_2
1010019300,101,도로교차점,0,무,,451457.15018,127.0026949,37.5626468,퇴계로5가_훈련원로_진출_1
1010019400,101,도로교차점,1,유,,451460.540853,126.9930807,37.5626772,호운빌딩
1010019500,101,도로교차점,1,유,,451476.98959,126.9730447,37.5628225,배재빌딩
1010019600,101,도로교차점,1,유,,451486.111781,127.0011986,37.5629078,충무초교
1010019700,101,도로교차점,0,무,,451498.050438,127.001903,37.5630154,퇴계로5가_퇴계로_진출_2
1010019800,101,도로교차점,1,유,,451499.915121,126.9984699,37.5630322,퇴계4가
1010019900,101,도로교차점,0,무,,451509.568495,127.0018649,37.5631191,퇴계로5가_퇴계로_진입_2
1010020000,101,도로교차점,1,유,,451507.457178,126.9688732,37.563096,바비엥-1
1010020100,101,도로교차점,1,유,,451511.905496,127.0154705,37.5631392,신당빌딩
1010020200,101,도로교차점,1,유,,451513.369872,126.9741602,37.5631506,중앙일보사
1010020300,101,도로교차점,1,유,,451521.510235,127.0025694,37.5632267,퇴계로5가
1010020400,101,도로교차점,0,무,,451533.087502,127.003268,37.563331,퇴계로5가_퇴계로_진입_1
1010020500,101,도로교차점,1,유,,451531.666602,126.9687159,37.5633141,이화길삼거리
1010020600,101,도로교차점,0,무,,451544.616513,127.0032303,37.5634349,퇴계로5가_퇴계로_진출_1
1010020700,101,도로교차점,0,무,,451551.038235,127.0150668,37.5634918,신동아빌딩
1010020900,101,도로교차점,0,무,,451582.433046,127.00245,37.5637756,퇴계로5가_훈련원로_진출_2
1010021000,101,도로교차점,0,무,,451583.322485,127.0025855,37.5637836,퇴계로5가_훈련원로_진입_1
1010021100,101,도로교차점,1,유,,451574.55489,126.9821371,37.5637033,명동입구
1010021200,101,도로교차점,1,유,,451591.005391,126.9777948,37.5638508,우성빌딩
1010021400,101,도로교차점,0,무,,451578.317532,127.0071445,37.5637384,광희사거리_장충단길_진출
1010021500,101,도로교차점,0,무,,451581.555044,127.0070137,37.5637675,광희사거리_장충단길_진입
1010021600,101,도로교차점,1,유,,451610.05543,126.9769226,37.5640223,시청역
1010021700,101,도로교차점,1,유,,451603.282083,126.9794047,37.5639617,웨스턴조선호텔
1010021800,101,도로교차점,0,무,,451611.9042,127.0065135,37.564041,광희사거리_퇴계로_진출_2
1010022000,101,도로교차점,0,무,,451623.6231,127.0064842,37.5641466,광희동사거리
1010022100,101,도로교차점,1,유,,451632.60944,127.007184,37.5642275,광희동사거리
1010022200,101,도로교차점,0,무,,451630.867966,127.0077697,37.5642118,광희사거리_퇴계로_진입_1
1010022300,101,도로교차점,0,무,,451635.589536,126.995792,37.5642545,풍전호텔앞
1010022500,101,도로교차점,1,유,,451648.342478,126.9928597,37.5643693,명보사거리
1010022600,101,도로교차점,0,무,,451642.674405,127.0077454,37.5643182,광희사거리_퇴계로_진출_1
1010022800,101,도로교차점,0,무,,451656.258876,127.0065707,37.5644406,광희사거리_마른내길_진출
1010023000,101,도로교차점,0,무,,451667.930678,127.0066022,37.5645458,광희사거리_마른내길_진입
1010023100,101,도로교차점,1,유,,451659.585529,126.9780797,37.5644688,서울프라자호텔
1010023200,101,도로교차점,1,유,,451662.635614,126.9678485,37.5644939,바비엥-2
1010023300,101,도로교차점,1,유,,451670.592217,126.9788391,37.5645681,조선호텔
1010023500,101,도로교차점,0,무,,451673.472095,127.0100546,37.5645955,광희문
1010023600,101,도로교차점,1,유,,451668.027738,126.9876948,37.5645462,명동성당
1010023700,101,도로교차점,1,유,,451678.143882,127.0024376,37.564638,오장동사거리
1010023800,101,도로교차점,0,무,,451687.170434,127.0074213,37.5647191,광희사거리_홍인문로_진입
1010023900,101,도로교차점,0,무,,451680.953321,126.9686797,37.5646592,이화여고
1010024000,101,도로교차점,0,무,,451681.723509,127.0105043,37.5646698,광희문
1010024100,101,도로교차점,0,무,,451690.577459,127.007291,37.5647498,광희동사거리
1010024200,101,도로교차점,1,유,,451711.8673,126.9771763,37.5649396,덕수궁
1020039200,101,도로교차점,0,무,,449797.955457,127.0025345,37.5476975,다산로_장충단로_진입
1020039300,101,도로교차점,0,무,,449769.487126,127.0035836,37.547441,다산로_장충단로_진출
1020039400,101,도로교차점,0,무,,448170.799779,127.0070297,37.5330367,하나투어
1020039500,101,도로교차점,0,무,,448193.445906,127.0073387,37.5332407,하나은행한남동지점
1030000100,104,도로시설물,0,무,,448234.580969,127.0591233,37.5335968,영동대교북단
1030000400,104,도로시설물,0,무,,448927.058792,127.0185372,37.5398493,동호대교북단
1030000500,104,도로시설물,0,무,,449000.174674,127.0355469,37.5405042,성수대교북단
1030001300,101,도로교차점,0,무,,448675.693496,127.0543146,37.5375735,뚝도시장
1030001400,101,도로교차점,0,무,,448818.468681,127.054897,37.5388596,뚝도시장
1030002000,101,도로교차점,0,무,,449104.997985,127.0193556,37.5414524,옥수역
1030002200,101,도로교차점,1,유,,449418.584568,127.0571187,37.5442656,성수역
1030002300,101,도로교차점,0,무,,449309.588979,127.0225876,37.5432952,서울숲푸르지오아파트
1030002400,104,도로시설물,0,무,,449461.989449,127.0167002,37.5446693,옥수터널
1030002600,101,도로교차점,1,유,,449642.841882,127.0503486,37.5462893,경동초교입구
1030003000,101,도로교차점,0,무,,449859.647805,127.0217411,37.5482514,금남시장
1030003200,101,도로교차점,1,유,,449886.074441,127.0166429,37.5484903,금호역
1030003300,101,도로교차점,0,무,,449934.098341,127.0377145,37.5489182,성수중고교
1030003800,101,도로교차점,0,무,,450461.243425,127.0437362,37.5536657,행당중학교
1030004700,101,도로교차점,1,유,,451329.271152,127.0494342,37.5614843,사근삼거리
1030005400,101,도로교차점,0,무,,451915.498096,127.0301068,37.5667727,양지사거리
1030005700,101,도로교차점,1,유,,452494.849497,127.0233765,37.5719942,청계8가
1030005800,108,IC 및 JC,0,무,,448300.076373,127.0564556,37.5341882,강변북로-일반국도47호선램프(5)
1030006000,108,IC 및 JC,0,무,,448356.932595,127.0552193,37.534701,강변북로-전차2길램프(2)
1030006100,108,IC 및 JC,0,무,,448336.576359,127.0574943,37.5345165,강변북로-전차2길램프(1)
1030006200,101,도로교차점,1,유,,448377.163524,127.0552311,37.5348833,청구강변APT
1030006300,101,도로교차점,0,무,,448576.606839,127.0573571,37.5366793,대보빌라
1030006400,101,도로교차점,0,무,,448634.841747,127.0553633,37.5372049,세종외과의원
1030006500,108,IC 및 JC,0,무,,448629.557141,127.0457199,37.5371614,뚝섬정수장앞
1030006600,108,IC 및 JC,0,무,,448676.066818,127.0448589,37.5375808,뚝섬정수장앞
1030006700,101,도로교차점,1,유,,448679.403403,127.0596932,37.5376043,한양종합카쎈타
1030006800,108,IC 및 JC,0,무,,448734.361537,127.042712,37.5381069,뚝섬정수장앞
1030007000,108,IC 및 JC,0,무,,448792.475271,127.0411526,37.538631,강변북로-뚝섬길램프(2)
1030007100,101,도로교차점,0,무,,448797.556707,127.0164067,37.5386828,옥수하이츠아파트
1030007200,101,도로교차점,1,유,,448856.568757,127.0536711,37.5392035,성수메디칼
1030007300,108,IC 및 JC,0,무,,448877.519369,127.0389959,37.539398,성수대교북단램프(강변북로)
1030007400,108,IC 및 JC,0,무,,448770.103451,127.0411071,37.5384295,성수대교북단램프(강변북로)
1030007600,108,IC 및 JC,0,무,,448849.771173,127.0353856,37.5391491,강변북로-응봉로램프(1)
1030007700,108,IC 및 JC,0,무,,448853.161314,127.0352537,37.5391797,강변북로-응봉로램프(10)
1030007800,108,IC 및 JC,0,무,,448904.392121,127.0368534,37.5396408,강변북로-응봉로램프(2)
1030007900,101,도로교차점,1,유,,448913.08387,127.0516932,37.5397136,성원중학교
1030008000,101,도로교차점,0,무,,448918.928867,127.0115926,37.539777,옥수동아파트
1030008200,108,IC 및 JC,0,무,,448934.333803,127.0386117,37.53991,강변북로-뚝섬길램프(4)
1030008300,101,도로교차점,0,무,,448948.220607,127.0504408,37.5400307,성수여중
1030008600,101,도로교차점,1,유,,448962.584203,127.0438344,37.5401627,뚝도아리정수센터
1030008700,108,IC 및 JC,0,무,,448981.226606,127.0387034,37.5403325,강변북로-뚝섬길램프(3)
1030008900,108,IC 및 JC,0,무,,449027.428495,127.0366205,37.5407494,강변북로-응봉로램프(5)
1030009000,101,도로교차점,0,무,,449013.848327,127.0112148,37.5406322,성원상떼뷰
1030009100,108,IC 및 JC,0,무,,449023.31299,127.033777,37.5407132,강변북로-응봉로램프(9)
1030009200,101,도로교차점,0,무,,449012.144068,127.0481276,37.5406076,경일초교
1030009300,108,IC 및 JC,0,무,,449027.388787,127.0344034,37.5407497,성수대교북단
1030009400,101,도로교차점,0,무,,449070.403128,127.0111101,37.5411418,옥정중학교
1030009500,101,도로교차점,1,유,,449083.850162,127.016558,37.5412623,옥정초등학교
1030009600,101,도로교차점,0,무,,449083.341543,127.0188049,37.5412574,옥수강변풍림아이원_두무개길_진
1030009800,108,IC 및 JC,0,무,,449104.64133,127.0339244,37.5414459,강변북로-응봉로램프(6)
1030009900,101,도로교차점,1,유,,449108.461442,127.0174314,37.5414839,옥수역
1030010000,101,도로교차점,0,무,,449113.979772,127.0187077,37.5415335,옥수강변풍림아이원_빙고동길_진
1030010100,101,도로교차점,0,무,,449125.880806,127.0186904,37.5416407,옥수강변풍림아이원_빙고동길_진
1030010200,101,도로교차점,1,유,,449150.994372,127.0442438,37.5418602,서울숲입구
1030010300,108,IC 및 JC,0,무,,449174.098865,127.0318063,37.5420723,동부간선강변북로분기점
1030010500,101,도로교차점,0,무,,449151.371964,127.016412,37.5418707,교연학원
1030010600,101,도로교차점,0,무,,449169.9167,127.0205172,37.5420372,옥수강변풍림아이원_두무개길_진
1030010700,101,도로교차점,0,무,,449187.967982,127.056267,37.5421882,광림물산
1030010900,101,도로교차점,1,유,,449204.175728,127.0421274,37.5423401,서울숲 관리사무소
1030011000,104,도로시설물,0,무,,449223.225766,127.0413671,37.542512,무지개터널(동측)
1030011100,101,도로교차점,0,무,,449221.359559,127.0170716,37.5425012,동호로-독서당길진출로
1030011200,108,IC 및 JC,0,무,,449222.122901,127.0297848,37.5425056,동부간선도로강변북로분기점
1030011300,101,도로교차점,0,무,,449250.736433,127.0124637,37.5427665,극동체육관
1030011400,102,도로시.종점,0,무,,449287.884007,127.0110315,37.5431013,옥수동극동아파트
1030011500,104,도로시설물,0,무,,449314.507199,127.0382838,37.5433355,무지개터널(서측)
1030011600,101,도로교차점,0,무,,449218.960039,127.0169386,37.5424796,독서당길-동호로진입로
1030011700,108,IC 및 JC,0,무,,449335.929296,127.0277035,37.5435315,동부간선도로강변북로분기점
1030011800,101,도로교차점,0,무,,449326.870415,127.0361349,37.5434476,응봉로-뚝섬길사거리_응봉로_진
1030011900,101,도로교차점,0,무,,449328.591563,127.0360005,37.5434631,응봉로-뚝섬길사거리_응봉로_진
1030012000,108,IC 및 JC,0,무,,449393.971908,127.0314732,37.5440535,용비교동측
1030012100,101,도로교차점,0,무,,449355.626249,127.0367153,37.5437065,응봉로-뚝섬길사거리_뚝섬길_진
1030012200,101,도로교차점,0,무,,449366.742376,127.0367665,37.5438066,응봉로-뚝섬길사거리_뚝섬길_진
1030012300,101,도로교차점,1,유,,449382.163498,127.0361572,37.5439457,성수대교북단교차로
1030012400,101,도로교차점,0,무,,449414.591495,127.0351599,37.5442382,응봉로-뚝섬길사거리_뚝섬길_진
1030012500,101,도로교차점,1,유,,449398.374228,127.0154627,37.5440963,옥수교회앞
1030012600,101,도로교차점,0,무,,449410.713199,127.0495909,37.5441981,경동초교오거리
1030012700,101,도로교차점,0,무,,449414.375164,127.0355059,37.5442362,응봉로-뚝섬길사거리_뚝섬길_진
1030012800,101,도로교차점,0,무,,449462.348612,127.0364371,37.5446681,성수대교북단교차로
1030012900,101,도로교차점,0,무,,449464.357836,127.0363033,37.5446863,성수대교북단교차로
1030013000,101,도로교차점,0,무,,449441.303699,127.0161389,37.544483,미타사입구
1030013100,101,도로교차점,1,유,,449481.763226,127.0552027,37.5448358,제일빌딩
1030013200,101,도로교차점,0,무,,449473.571175,127.0340022,37.54477,용비교동측
1030013300,101,도로교차점,0,무,,449476.14067,127.0163769,37.5447969,옥수사거리
1030013400,101,도로교차점,0,무,,449483.140698,127.0336006,37.5448563,용비교동측
1030013500,101,도로교차점,0,무,,449485.233243,127.0572818,37.544866,승림빌딩
1030013600,101,도로교차점,1,유,,449464.206202,127.0245472,37.5446879,서울숲푸르지오아파트
1030013800,101,도로교차점,0,무,,449499.640351,127.0333326,37.545005,용비교동측
1030014000,101,도로교차점,1,유,,449503.555409,127.0244547,37.5450425,금호펌프장
1030014100,101,도로교차점,1,유,,449509.240922,127.0449044,37.5450877,동아자동차서비스(주)
1030014200,101,도로교차점,1,유,,449520.498304,127.054046,37.5451853,태화약국
1030014300,101,도로교차점,0,무,,449524.100346,127.0263456,37.5452272,서울숲푸르지오아파트
1030014400,101,도로교차점,0,무,,449514.401408,127.0163549,37.5451416,매봉길-독서당길진출로
1030014500,101,도로교차점,1,유,,449524.527814,127.0171036,37.5452327,옥수터널
1030014600,108,IC 및 JC,0,무,,449535.783427,127.0320337,37.545331,용비교동측
1030014700,101,도로교차점,0,무,,449544.486358,127.055478,37.5454008,남영빌딩
1030014800,101,도로교차점,0,무,,449582.851018,127.0543106,37.545747,으뜸프린팅(주)
1030014900,108,IC 및 JC,0,무,,449666.328686,127.0343613,37.5465066,용비교동측
1030015000,101,도로교차점,0,무,,449580.371675,127.0347282,37.545732,응봉교_광나룻길_진입_2
1040014400,101,도로교차점,1,유,,448680.791476,127.0924695,37.5375957,강변타운
1040014600,101,도로교차점,0,무,,448706.943496,127.0740829,37.5378443,더샵스타시티
1040014700,101,도로교차점,1,유,,448711.468321,127.0696748,37.5378878,광진문화예술회관
1040014800,101,도로교차점,1,유,,448719.338368,127.089237,37.5379455,광진우체국
1040015000,101,도로교차점,1,유,,448735.425067,127.089879,37.53809,광진우체국
1040015100,108,IC 및 JC,0,무,,448689.227934,127.1002041,37.5376654,올림픽대교북단
1040015300,101,도로교차점,0,무,,448799.283264,127.0718864,37.5386776,-
1040015400,101,도로교차점,1,유,,448793.633516,127.0916064,37.5386131,와이엔 오피스텔
1040015500,108,IC 및 JC,0,무,,448774.691666,127.1004297,37.5384353,올림픽대교북단
1040015600,101,도로교차점,1,유,,448813.318556,127.0743844,37.5388026,건대후문
1040015700,101,도로교차점,1,유,,448835.731786,127.0939837,37.5389905,현대6단지
1040015800,104,도로시설물,0,무,,448887.080161,127.0624393,37.5394741,영동대교고가차도(북측)
1040015900,108,IC 및 JC,0,무,,448897.023813,127.1022753,37.5395359,강변북로-광나룻길램프(2)
1040016000,108,IC 및 JC,1,유,,448866.381637,127.0983461,37.5392631,광남중고교입구
1040016100,101,도로교차점,1,유,,448873.220342,127.0723779,37.5393435,이마트.롯데시네마
1040016200,101,도로교차점,1,유,,448900.102063,127.0931906,37.5395711,로데오모텔
1040016300,101,도로교차점,1,유,,448937.143803,127.0706325,37.5399205,건대입구역
1040016500,108,IC 및 JC,0,무,,448996.842752,127.1034847,37.5404342,올림픽대교북단
1040016600,101,도로교차점,0,무,,448969.105534,127.0942548,37.540192,구의현대아파트
1040016700,101,도로교차점,1,유,,448967.389046,127.0628517,37.5401974,삼보약국
1040016900,104,도로시설물,0,무,,449022.415875,127.0965144,37.5406705,광남중고교입구
1040017100,101,도로교차점,1,유,,449075.785747,127.0958691,37.5411519,올림픽대교북단교차로
1040017300,108,IC 및 JC,0,무,,449076.758443,127.1043164,37.5411535,강변북로-일반국도43호선램프(5)
1040017400,101,도로교차점,0,무,,449128.028588,127.0970731,37.5416216,올림픽대교북단사거리_아차성길_
1040017500,101,도로교차점,1,유,,449132.748881,127.0973741,37.5416639,광진동청구아파트
1040017600,101,도로교차점,0,무,,449162.904698,127.095143,37.5419374,올림픽대교북단사거리_광나룻길_
1040017700,101,도로교차점,1,유,,449188.051988,127.0639971,37.542185,성수사거리
1040017800,101,도로교차점,1,유,,449244.181029,127.0942988,37.5426704,광장자이아파트
1040017900,101,도로교차점,1,유,,449265.276806,127.1009994,37.5428549,상록타워
1040018000,108,IC 및 JC,0,무,,449301.97562,127.1069755,37.5431803,강변북로-일반국도43호선램프(6)
1040018100,108,IC 및 JC,0,무,,449180.335835,127.1050981,37.542086,강변북로-일반국도43호선램프(4)
1040018200,108,IC 및 JC,0,무,,449360.569475,127.1072222,37.543708,천호대교북단
1040018300,101,도로교차점,0,무,,449323.977206,127.0964143,37.5433877,현대홈타운9차104동
1040018400,103,속성변화점,0,무,,449345.044807,127.0798607,37.5435898,동아자동차학원
1040018500,108,IC 및 JC,0,무,,449276.763063,127.1058479,37.5429542,강변북로-일반국도43호선램프(3)
1040018600,108,IC 및 JC,0,무,,449360.999712,127.1090854,37.5437102,강변북로-일반국도43호선램프(7)
1040018700,108,IC 및 JC,0,무,,449409.940433,127.1079526,37.5441522,강변북로-일반국도43호선램프(1)
1040018800,101,도로교차점,0,무,,449459.724272,127.080128,37.5446229,건국대학교
1040018900,101,도로교차점,1,유,,449470.664815,127.090687,37.5447138,구의시장
1040019000,108,IC 및 JC,0,무,,449465.360737,127.1058207,37.5446535,강변북로-일반국도43호선램프(2)
1040019100,108,IC 및 JC,0,무,,449434.507659,127.1076198,37.5443739,천호대교북단
1040019300,101,도로교차점,1,유,,449510.982986,127.0852933,37.5450811,구의사거리
1040019400,105,행정경계,0,무,,449517.781976,127.1120411,37.54512,강동구-광진구경계(1)
1040019500,101,도로교차점,1,유,,449513.957255,127.1043133,37.5450927,광장사거리
1040019600,108,IC 및 JC,0,무,,449560.473434,127.1109967,37.5455057,강변북로-구천면길램프(1)
1040019700,101,도로교차점,1,유,,449544.324962,127.0800532,37.5453852,동아자동차
1040019800,101,도로교차점,0,무,,449552.842248,127.0977492,37.5454486,양진중학교앞
1040020000,101,도로교차점,1,유,,449568.788166,127.0659401,37.5456144,장구약국
1040020100,101,도로교차점,1,유,,449596.781138,127.1019932,37.5458409,광장중교지하차도
1040020300,108,IC 및 JC,0,무,,449654.446459,127.1078954,37.5463552,강변북로-구천면길램프(5)
1040020400,108,IC 및 JC,0,무,,449638.523328,127.1087471,37.546211,강변북로-구천면길램프(4)
1040020600,101,도로교차점,0,무,,449668.200812,127.0980829,37.5464877,워커힐길삼거리1
1040020700,101,도로교차점,1,유,,449672.310697,127.1075533,37.5465165,광나루소망교회앞
1040021100,101,도로교차점,1,유,,449699.836553,127.1058882,37.546766,광진교북단교차로
1040021200,101,도로교차점,0,무,,449697.14333,127.0992496,37.5467475,워커힐입구
1040021300,101,도로교차점,0,무,,449717.628339,127.098724,37.5469325,광진숲나루
1040021500,101,도로교차점,1,유,,449753.028713,127.0741917,37.5472695,어린이대공원역
1040021600,101,도로교차점,0,무,,449778.41796,127.1079057,37.5474722,외국선교독립부한국선교회
1040021700,101,도로교차점,0,무,,449800.788747,127.0969271,37.5476833,광진숲나루
1040021900,101,도로교차점,0,무,,449834.63069,127.098341,37.5479871,워커힐입구_워커힐길_진출_1
1040022100,101,도로교차점,0,무,,449838.33055,127.0704965,37.5480403,화양삼거리
1040022200,101,도로교차점,1,유,,449849.97224,127.069596,37.5481457,화양동우체국
1040022300,101,도로교차점,1,유,,449857.577262,127.1072155,37.5481861,강평주유소
1040022400,108,IC 및 JC,0,무,,449877.502301,127.1105055,37.5483626,광진교북단
1040022500,101,도로교차점,1,유,,449868.297098,127.0674725,37.5483121,화양사거리
1040022600,108,IC 및 JC,0,무,,449884.720284,127.1106861,37.5484274,광진교북단
1040022700,101,도로교차점,0,무,,449880.677528,127.1093079,37.5483923,한강호텔웨딩홀
1040022800,101,도로교차점,0,무,,449983.730848,127.1080315,37.549322,워커힐APT
1040022900,101,도로교차점,1,유,,450016.728645,127.0682312,37.549649,초원모텔
1040023000,101,도로교차점,1,유,,450072.582519,127.0908906,37.550137,아차산역사거리
1040023100,103,속성변화점,0,무,,450106.102979,127.1106115,37.5504222,광진구구립정보도서관
1040023300,101,도로교차점,0,무,,450149.849275,127.1008806,37.550825,아차산공원
1040023400,101,도로교차점,0,무,,450266.639238,127.104679,37.551874,워커힐APT후문
1040023500,101,도로교차점,0,무,,450272.98451,127.0923292,37.5519415,슬기유치원앞
1040023600,101,도로교차점,1,유,,450291.366694,127.0696258,37.5521227,흰돌교회
1040023700,101,도로교차점,1,유,,450317.058008,127.0895099,37.5523407,어린이대공원후문
1040023800,101,도로교차점,0,무,,450450.672858,127.0884424,37.5535454,아차산역삼거리
1040023900,101,도로교차점,0,무,,450445.97418,127.0973794,37.553496,동의초교앞
1040024200,101,도로교차점,0,무,,450561.063419,127.0944045,37.5545354,영화사입구삼거리
1040024300,101,도로교차점,1,유,,450564.230157,127.0808044,37.554574,능동사무소
1040024400,101,도로교차점,1,유,,450663.303475,127.0785717,37.5554682,능동119안전센터
1040024500,101,도로교차점,1,유,,450751.50471,127.081816,37.5562607,하나은행중곡동지점
1040024600,101,도로교차점,1,유,,450776.280784,127.0791118,37.5564857,능동시장입구
1040024700,101,도로교차점,0,무,,450815.177257,127.0782419,37.5568368,동궁여관
1040024800,101,도로교차점,1,유,,450884.061225,127.078712,37.5574571,삼원빌딩
1040024900,101,도로교차점,0,무,,450883.757395,127.0766238,37.5574557,덕산빌딩
1040025000,104,도로시설물,0,무,,450983.518078,127.0731501,37.5583568,군자지하차도(남측)
1040025100,101,도로교차점,1,유,,450959.467626,127.076973,37.5581377,군자교입구
1040025200,101,도로교차점,1,유,,451040.017868,127.0877308,37.5588559,신성시장
1040025300,101,도로교차점,0,무,,451031.808645,127.0734724,37.5587917,일반국도47호선-일반국도3호선진
1040025400,101,도로교차점,0,무,,451066.567238,127.0744397,37.5591043,일반국도47호선-일반국도3호선진
1040025500,101,도로교차점,0,무,,451077.264297,127.0745014,37.5592006,군자 대한생명
1040025700,108,IC 및 JC,1,유,,451101.756638,127.0737615,37.5594217,군자교동단
1040025800,101,도로교차점,0,무,,451103.3663,127.087642,37.5594268,중곡사거리
1040026000,105,행정경계,0,무,,451135.049062,127.0728242,37.5597223,광진구-성동구경계(5)
1040026300,104,도로시설물,0,무,,451121.950983,127.0732783,37.559604,군자교동단
1040026400,101,도로교차점,0,무,,451175.66153,127.0742057,37.5600873,중곡동주유소
1040026500,102,도로시.종점,0,무,,451184.593546,127.0960684,37.5601521,청우빌
1040026600,101,도로교차점,1,유,,451277.402619,127.0816021,37.5609991,장안빌딩
1040026700,104,도로시설물,0,무,,451214.023539,127.07432,37.5604329,군자지하차도(북측)
1040026800,108,IC 및 JC,0,무,,451318.314497,127.0742794,37.5613726,동부간선도로-천호대로램프(5)
1040026900,102,도로시.종점,1,유,,451405.362321,127.0961236,37.5621411,베스필
1030015100,104,도로시설물,0,무,,449619.681431,127.0165987,37.5460901,옥수터널(북측)
1030015200,108,IC 및 JC,0,무,,449579.214426,127.0366128,37.545721,동부간선도로-응봉로램프(1)
1030015300,101,도로교차점,0,무,,449658.092054,127.0576849,37.5464233,현대서비스앞
1030015400,101,도로교차점,1,유,,449676.67263,127.0251674,37.5466021,금호정원빌라트
1030015500,101,도로교차점,0,무,,449661.017984,127.0365989,37.5464581,응봉교_응봉로_진입_1
1030015600,101,도로교차점,1,유,,449699.356995,127.0487442,37.5467991,개풍빌딩
1030015700,101,도로교차점,0,무,,449709.322654,127.0362287,37.5468934,응봉교_광나룻길_진출_1
1030015800,101,도로교차점,0,무,,449762.11761,127.0550768,37.5473618,성수쇼핑센타
1030015900,101,도로교차점,1,유,,449731.332569,127.0365779,37.5470916,응봉교
1030016000,101,도로교차점,1,유,,449770.688804,127.0467493,37.5474426,한국방송통신대학교
1030016100,101,도로교차점,0,무,,449796.064862,127.0257084,37.5476777,금호사거리_금호동길_진출_2
1030016200,101,도로교차점,0,무,,449799.847647,127.0255796,37.5477118,금호사거리_금호동길_진입_2
1030016300,101,도로교차점,0,무,,449811.262253,127.0458503,37.5478085,한국공중전화(동대문지점)
1030016400,101,도로교차점,0,무,,449808.532455,127.0369093,37.5477871,응봉교
1030016500,101,도로교차점,0,무,,449824.548551,127.0239311,37.5479347,동호신용협동조합
1030016700,101,도로교차점,0,무,,449824.230476,127.0262278,37.5479314,금호사거리_독서당길_진입_1
1030016800,101,도로교차점,0,무,,449836.226613,127.0262244,37.5480395,금호사거리_독서당길_진출_1
1030016900,101,도로교차점,0,무,,449836.999427,127.0257594,37.5480465,금호사거리
1030017000,101,도로교차점,0,무,,449835.981082,127.0253169,37.5480375,금호사거리_독서당길_진출_2
1030017100,101,도로교차점,1,유,,449846.253955,127.0444934,37.5481243,뚝섬역
1030017200,101,도로교차점,0,무,,449847.964641,127.025324,37.5481454,금호사거리_독서당길_진입_2
1030017300,101,도로교차점,1,유,,449855.898919,127.0655002,37.5482015,화양4거리
1030017400,101,도로교차점,1,유,,449849.15485,127.0237695,37.5481565,국민은행금호동
1030017500,101,도로교차점,1,유,,449861.511082,127.0158267,37.5482691,금호역
1030017600,101,도로교차점,0,무,,449869.630368,127.0258826,37.5483405,금호사거리_금호동길_진입_1
1030017700,101,도로교차점,0,무,,449874.758008,127.0164,37.5483884,금호성결교회
1030017800,101,도로교차점,0,무,,449871.381336,127.0257483,37.5483563,금호사거리_금호동길_진출_1
1030018000,101,도로교차점,1,유,,449874.525623,127.060075,37.5483722,성동세무서
1030018100,101,도로교차점,0,무,,449867.690273,127.0195285,37.5483243,주택은행금호동지점
1030018200,101,도로교차점,0,무,,449881.210655,127.0374625,37.5484417,성수중고교
1030018500,101,도로교차점,1,유,,449918.129043,127.05831,37.5487659,치과의사회관앞
1030018600,101,도로교차점,0,무,,449942.952986,127.0379862,37.5489979,성수중고교
1030018700,101,도로교차점,1,유,,449948.75965,127.028968,37.5490527,금호삼성아파트
1030018800,108,IC 및 JC,0,무,,450030.845622,127.0382876,37.5497897,동부간선도로-응봉로램프(2)
1030018900,101,도로교차점,0,무,,449977.927981,127.0151742,37.5493181,금호터널(남측)
1030019000,101,도로교차점,0,무,,449972.607085,127.0444131,37.5492628,덕마주유소
1030019100,101,도로교차점,1,유,,449997.715869,127.0560997,37.5494841,성수동제일은행
1030019200,105,행정경계,0,무,,449988.869847,127.0125168,37.549417,성동구-중구경계(1)
1030019300,101,도로교차점,0,무,,450050.57152,127.0307624,37.5499696,응봉현대아파트
1030019400,101,도로교차점,0,무,,450118.93999,127.026499,37.5505867,조은미술학원
1030019500,101,도로교차점,0,무,,450124.808461,127.0157039,37.5506415,두산아파트
1030019600,103,속성변화점,0,무,,450122.869061,127.0154382,37.550624,두산아파트(금호동3가)
1030019700,101,도로교차점,0,무,,450132.274135,127.019292,37.5507082,한신휴플러
1030019800,105,행정경계,0,무,,450132.444957,127.0140187,37.5507105,성동구-중구경계(2)
1030019900,101,도로교차점,1,유,,450149.904507,127.0521579,37.5508571,상원삼거리
1030020000,101,도로교차점,0,무,,450166.803211,127.0256317,37.5510181,조의원
1030020100,101,도로교차점,0,무,,450176.143074,127.0441699,37.5510968,왕십리길-광나룻길진출로
1030020200,101,도로교차점,0,무,,450212.451865,127.0352985,37.5514269,응봉역앞
1030020300,101,도로교차점,0,무,,450222.552253,127.0424917,37.5515155,장안둑길-광나룻길진입로
1030020400,101,도로교차점,1,유,,450219.223689,127.0446143,37.5514847,장안둑길삼거리
1030020500,101,도로교차점,1,유,,450227.651546,127.04404,37.5515609,성동교남단
1030020600,101,도로교차점,1,유,,450239.016352,127.0472911,37.551662,신양빌딩
1030020700,101,도로교차점,0,무,,450273.301395,127.04535,37.5519717,장안둑길-광나룻길진출로
1030020800,101,도로교차점,1,유,,450294.247966,127.035075,37.5521639,제일카정비센타
1030020900,108,IC 및 JC,0,무,,450278.712616,127.0442984,37.5520209,성동JC
1030021100,101,도로교차점,1,유,,450316.663511,127.0252561,37.5523684,금호동벽산아파트삼거리
1030021200,108,IC 및 JC,0,무,,450297.393506,127.0442591,37.5521892,성동JC
1030021300,101,도로교차점,1,유,,450323.788754,127.0370668,37.5524295,동아리버그린아파트
1030021500,101,도로교차점,0,무,,450436.183979,127.0384782,37.5534417,응봉동 리버그린동아아파트
1030021600,101,도로교차점,0,무,,450493.354491,127.0437564,37.553955,성동교(북단)_왕십리길_진입_1
1030021700,101,도로교차점,0,무,,450494.027647,127.0455165,37.5539604,행당중학교
1030022000,103,속성변화점,0,무,,450537.135952,127.0361772,37.554352,응봉삼거리내 속도변화
1030022100,101,도로교차점,0,무,,450554.974196,127.0272446,37.5545151,금일어린이집
1030022200,101,도로교차점,1,유,,450567.100074,127.0344212,37.5546225,응봉사거리
1030022300,108,IC 및 JC,0,무,,450571.705079,127.0681897,37.5546493,군자교분기점
1030022400,101,도로교차점,0,무,,450572.766579,127.0200179,37.5546769,신금호역
1030022500,101,도로교차점,1,유,,450684.75258,127.0248044,37.555685,논골사거리
1030022600,101,도로교차점,1,유,,450681.551116,127.02547,37.555656,행당동한진아파트
1030022700,101,도로교차점,1,유,,450692.028637,127.0342502,37.5557482,신동아상가
1030022800,108,IC 및 JC,0,무,,450702.680668,127.0668513,37.5558302,군자교분기점
1030022900,108,IC 및 JC,0,무,,450832.521737,127.0705954,37.5569979,동부간선도로-천호대로램프(2)
1030023000,101,도로교차점,1,유,,450839.255445,127.0196041,37.557078,대경상고
1030023100,105,행정경계,0,무,,450874.392182,127.0194341,37.5573946,성동구-중구경계(3)
1030023200,101,도로교차점,1,유,,450878.233058,127.0303932,37.5574269,무학여고담길삼거리
1030023300,101,도로교차점,1,유,,450878.444725,127.0296482,37.557429,행현초등학교
1030023400,101,도로교차점,0,무,,450903.842045,127.0414944,37.5576543,한양대병원사거리_왕십리길_진출
1030023500,101,도로교차점,1,유,,450911.336247,127.0407929,37.557722,한양대병원
1030023600,101,도로교차점,0,무,,450931.051363,127.0401242,37.5578999,한양대병원사거리_왕십리길_진입
1030023700,101,도로교차점,0,무,,450944.826657,127.0681669,37.5580112,볼보서비스센타
1030023800,101,도로교차점,1,유,,450945.314768,127.0241752,37.5580328,극동미라주 아파트
1030023900,108,IC 및 JC,0,무,,450970.685206,127.0686918,37.5582438,동부간선도로-천호대로램프(14)
1030024000,101,도로교차점,1,유,,450966.41004,127.0389478,37.5582189,행당굴다리
1030024100,101,도로교차점,0,무,,451001.684875,127.0408951,37.5585361,한양대병원사거리_사근동길_진입
1030024200,101,도로교차점,0,무,,451003.723433,127.0407613,37.5585545,한양대병원사거리_사근동길_진출
1030024300,108,IC 및 JC,0,무,,450965.080012,127.0717272,37.5581915,동부간선도로-천호대로램프(3)
1030024400,101,도로교차점,1,유,,450996.978295,127.034011,37.5584958,무학여고앞
1030024600,101,도로교차점,0,무,,451021.231816,127.039305,37.5587127,삼인베스티빌
1030024700,101,도로교차점,1,유,,451074.360255,127.0370989,37.5591921,성동문화광장
1030024900,101,도로교차점,1,유,,451126.078463,127.0238211,37.5596615,왕도교회
1030025000,108,IC 및 JC,0,무,,451145.82828,127.0699616,37.5598211,동부간선도로-장안독길램프
1030025100,108,IC 및 JC,0,무,,451053.498064,127.0694914,37.5589895,동부간선도로-천호대로램프(13)
1030025200,101,도로교차점,0,무,,451177.908457,127.0412075,37.5601237,한양대부속고등학교
1030025300,101,도로교차점,1,유,,451196.087353,127.0267692,37.5602917,행당풍림아이원
1030025400,104,도로시설물,0,무,,451153.166559,127.0340951,37.5599031,왕십리지하차도(남측)
1030025500,102,도로시.종점,0,무,,451187.69502,127.0564567,37.5602056,교육복지통합센터
1030025600,101,도로교차점,0,무,,451192.27813,127.0695406,37.5602399,부현주유소
1030025700,105,행정경계,0,무,,451203.913074,127.0711789,37.5603437,성동구-동대문구경계(5)
1030025800,105,행정경계,0,무,,451220.135708,127.0707217,37.5604902,군자교서단
1030025900,108,IC 및 JC,0,무,,451240.114911,127.0701175,37.5606706,동부간선도로-천호대로램프(12)
1030026000,101,도로교차점,0,무,,451244.657726,127.0644306,37.5607147,자동차시장3길_천호대로_진출
1030026100,101,도로교차점,0,무,,451254.801352,127.0691306,37.5608035,천호대로-장안둑길진출로
1030026200,108,IC 및 JC,0,무,,451244.675592,127.0705442,37.5607114,군자교서단
1030026300,101,도로교차점,0,무,,451266.629448,127.0691536,37.56091,천호대로-장평2길진입로
1030026400,101,도로교차점,0,무,,451302.960713,127.0378098,37.5612516,왕십리역앞
1030026500,101,도로교차점,1,유,,451296.821044,127.0354209,37.561197,왕십리역
1030026600,101,도로교차점,0,무,,451297.708659,127.0495023,37.5611999,사근동주민자치센터 별관
1030026700,101,도로교차점,0,무,,451307.54138,127.065659,37.5612806,자동차시장3길_천호대로_진입
1030026800,105,행정경계,0,무,,451299.857144,127.0239941,37.5612272,성동구-중구경계(4)
1030026900,101,도로교차점,0,무,,451301.963752,127.0359627,37.5612432,왕십리광장로_고산자로_진출
1030027000,101,도로교차점,0,무,,451323.714122,127.0490348,37.5614344,중앙하이츠아파트
1030027100,101,도로교차점,0,무,,451319.366837,127.0656822,37.5613872,천호대로_장한로_진출
1030027200,101,도로교차점,1,유,,451330.041138,127.064582,37.561484,장한평역
1030027300,101,도로교차점,0,무,,451338.230462,127.063675,37.5615582,천호대로_자동차시장3길_진출
1030027400,101,도로교차점,0,무,,451334.828338,127.0350925,37.5615395,고산자로_왕십리로_진입
1030027500,101,도로교차점,0,무,,451340.43034,127.0357058,37.5615898,왕십리광장로_고산자로_진입
1030027600,101,도로교차점,0,무,,451344.803132,127.0355793,37.5616293,고산자로_왕십리로_진출
1030027700,108,IC 및 JC,0,무,,451386.397883,127.0496318,37.561999,사근램프(내부순환로본선)
1030027800,101,도로교차점,1,유,,451356.499524,127.0628963,37.5617233,삼우빌딩
1030027900,101,도로교차점,0,무,,451350.046921,127.0636987,37.5616647,장한로_천호대로_진입
1030028000,108,IC 및 JC,0,무,,451509.761162,127.0492617,37.5631106,사근램프(내부순환로본선)
1030028100,101,도로교차점,0,무,,451363.730688,127.0492203,37.5617949,중앙하이츠아파트(사근동)
1030028200,101,도로교차점,1,유,,451385.603749,127.0611117,37.5619864,용답동우체국
1030028300,101,도로교차점,0,무,,451388.757322,127.0242771,37.5620282,금호베스트빌아파트
1030028400,101,도로교차점,0,무,,451387.191252,127.0574343,37.5620026,협동카센타
1030028600,101,도로교차점,0,무,,451462.450542,127.0360415,37.5626891,왕십리지하차도(북측)
1030029000,105,행정경계,1,유,,451491.556357,127.0579561,37.5629426,서울교통공사
1030029100,108,IC 및 JC,0,무,,451692.963102,127.0476887,37.5647619,사근램프(내부순환로)
1030029300,101,도로교차점,0,무,,451580.239293,127.056988,37.5637421,천호대로-황물길진출로
1030029400,101,도로교차점,1,유,,451594.477889,127.0362427,37.5638786,성동종합행정마을
1030029500,101,도로교차점,1,유,,451622.361527,127.0563853,37.5641219,도이치모터스빌딩
1030029600,101,도로교차점,0,무,,451622.028676,127.0300982,37.5641286,상왕십리역
1030029800,101,도로교차점,1,유,,451698.988515,127.036366,37.5648202,성동샤르망
1030029900,101,도로교차점,0,무,,451710.365621,127.0344194,37.5649233,덕수빌딩
1030030000,105,행정경계,0,무,,451726.592219,127.0257215,37.5650717,성동구-중구경계(5)
1030030200,101,도로교차점,1,유,,451737.55922,127.023631,37.565171,성동고교교차로
1030030300,101,도로교차점,1,유,,451759.526893,127.054729,37.5653586,답십리역사거리
1030030400,101,도로교차점,1,유,,451767.170674,127.0473189,37.5654307,사근램프앞
1030030500,101,도로교차점,1,유,,451767.665887,127.041792,37.5654372,마장삼거리
1030030700,101,도로교차점,1,유,,451779.157425,127.0364382,37.5655425,동아맨션
1030030800,101,도로교차점,1,유,,451811.05764,127.0387285,37.5658292,삼성아파트
1030031200,101,도로교차점,1,유,,451811.378118,127.0235803,37.5658361,중앙시티빌
1030031500,101,도로교차점,1,유,,451834.641268,127.0365297,37.5660424,도선사거리
1030031800,101,도로교차점,1,유,,451844.346501,127.0357904,37.5661301,홍익동123빌딩
1030031900,101,도로교차점,1,유,,451858.982983,127.0346755,37.5662623,홍익빌딩
1030032000,101,도로교차점,0,무,,451860.674611,127.0450859,37.566274,흥일연립
1030032500,101,도로교차점,1,유,,451918.11846,127.0528127,37.5667884,동부시장
1030032600,101,도로교차점,0,무,,451916.395973,127.045548,37.5667759,푸른마을2차
1030032700,108,IC 및 JC,0,무,,451933.329092,127.0465681,37.566928,사근램프앞
1030032800,101,도로교차점,1,유,,451927.844957,127.044103,37.5668796,마장동주민센터
1030032900,101,도로교차점,1,유,,451991.461107,127.0519291,37.5674496,용답동
1030033000,101,도로교차점,0,무,,451995.508256,127.0258256,37.5674946,대흥카센타
1030033200,101,도로교차점,0,무,,451994.97738,127.044995,37.5674841,77번종점
1030033400,101,도로교차점,0,무,,452039.958345,127.0235113,37.5678956,황학사거리
1030033500,101,도로교차점,1,유,,452046.622165,127.0456825,37.5679491,신한고속화물
1030033600,101,도로교차점,1,유,,452061.544695,127.0458964,37.5680835,마장2교
1030033700,101,도로교차점,1,유,,452057.47478,127.051127,37.5680447,천호대로답오6길삼거리
1030033800,101,도로교차점,1,유,,452227.367339,127.0302862,37.5695826,청계9가
1030034100,101,도로교차점,0,무,,452330.308983,127.0427855,37.5705062,마장현대아파트
1030034200,101,도로교차점,0,무,,452336.628348,127.0265238,37.5705679,비우당교(남단)
1030034300,101,도로교차점,0,무,,452388.222201,127.0267366,37.5710328,비우당교(북단)
1030034400,104,도로시설물,0,무,,452431.596362,127.0454178,37.5714178,신답지하차도(북측)
1030034500,101,도로교차점,0,무,,452397.984897,127.0234757,37.5711214,황학교(남단)_난계로_진출_1
1030034600,101,도로교차점,0,무,,452398.363724,127.02334,37.5711249,황학교(남단)_난계로_진입_1
1030034700,101,도로교차점,0,무,,452425.004114,127.0238257,37.5713648,황학교(남단)_청계천로_진입_1
1030034800,101,도로교차점,0,무,,452428.843493,127.0379822,37.5713957,고산자교(남단)_고산자로_진출_1
1030034900,101,도로교차점,0,무,,452429.431023,127.0378465,37.571401,고산자교(남단)_고산자로_진입_1
1030035000,101,도로교차점,1,유,,452439.816054,127.0233943,37.5714983,청계8가
1030035100,101,도로교차점,0,무,,452464.991109,127.0384161,37.5717212,고산자교(남단)_사근동길_진입_1
1030035200,101,도로교차점,1,유,,452472.835018,127.0379388,37.571792,서울시설공단
1030035300,101,도로교차점,1,유,,452490.598563,127.0442561,37.5719499,청계한신휴플러스
1030035400,101,도로교차점,0,무,,452495.114081,127.0370578,37.5719931,고산자교(남단)_청계천로_진출_1
1030035500,105,행정경계,0,무,,452519.675302,127.0367041,37.5722145,성동구-동대문구경계(1)
1030035600,105,행정경계,0,무,,452540.818456,127.0377966,37.5724046,성동구-동대문구경계(2)
1030035700,101,도로교차점,1,유,,452574.736231,127.0425373,37.5727086,신답초교
1030035800,101,도로교차점,1,유,,452579.462314,127.0380171,37.5727527,서울시설공단
1030035900,101,도로교차점,1,유,,452611.663319,127.0416056,37.5730416,신답초교
1030036000,101,도로교차점,0,무,,452586.909603,127.0384485,37.5728197,마장동사거리_천호대로_진출_1
1030036200,101,도로교차점,0,무,,449959.346015,127.015222,37.5491507,금호역3번출구
1030036300,101,도로교차점,0,무,,449949.605033,127.0154384,37.5490629,두산아파트107동
1030036400,101,도로교차점,0,무,,449855.647297,127.0154781,37.5482163,금호역3번출구
1030036500,108,IC 및 JC,0,무,,449337.21649,127.026215,37.5435434,동부간선도로강변북로분기점
1030036600,108,IC 및 JC,0,무,,449491.575722,127.0323619,37.5449326,동부간선도로-강변북로램프(16)
1030036700,101,도로교차점,0,무,,451326.405522,127.0349957,37.5614637,왕십리로_고산자로_진출
1030036800,101,도로교차점,0,무,,451258.457665,127.0350553,37.5608514,왕십리로_고산자로_진입
1030036900,101,도로교차점,0,무,,451250.385591,127.0351557,37.5607787,고산자로_왕십리로_진출
1030037000,101,도로교차점,0,무,,451250.153508,127.0356697,37.5607764,고산자로_왕십리로_진입
1030037100,101,도로교차점,0,무,,451256.821509,127.0357826,37.5608365,왕십리로_왕십리광장로_진출
1030037200,101,도로교차점,0,무,,451404.972136,127.0358116,37.5621713,나눔원격평생교육원
1030037300,101,도로교차점,0,무,,451402.553343,127.0359455,37.5621495,서울특별시립성동청소년수련관
1030037400,101,도로교차점,0,무,,451290.045563,127.0359785,37.5611358,왕십리로_왕십리광장로_진입
1030037500,101,도로교차점,0,무,,451311.25997,127.0490417,37.5613222,드림시드 아파트
1030037600,108,IC 및 JC,0,무,,448326.862243,127.0554656,37.53443,강변북로-일반국도47호선램프(11)
1030037700,108,IC 및 JC,1,유,,448366.111562,127.0597071,37.5347816,강변북로-일반국도47호선램프(13)
1030037800,103,속성변화점,0,무,,448948.517536,127.0604734,37.5400286,창수연립
1030037900,101,도로교차점,0,무,,448861.716165,127.062242,37.5392456,노룬산시장앞
1030038000,101,도로교차점,0,무,,451246.171719,127.0642966,37.5607284,천호대로_자동차시장3길_진입
1040000100,104,도로시설물,0,무,,447659.937205,127.0884962,37.5284009,잠실대교북단
1040000200,104,도로시설물,0,무,,448006.835838,127.0667433,37.5315407,청담대교북단
1040000600,101,도로교차점,1,유,,448637.949064,127.0611515,37.5372301,영동대교북단
1040000800,104,도로시설물,0,무,,449415.157481,127.1075935,37.5441995,천호대교북단
1040001100,104,도로시설물,0,무,,449608.548666,127.109432,37.5459403,광진교북단
1040001200,101,도로교차점,0,무,,449654.193742,127.1013312,37.5463588,광장중교지하차도
1040001900,101,도로교차점,0,무,,450850.988242,127.0795023,37.5571586,군자역
1040002100,105,행정경계,0,무,,451015.433459,127.1145173,37.5586115,강변북로구리시계
1040002200,105,행정경계,0,무,,451037.884851,127.1139735,37.5588143,아차산로 서울구리시계
1040002700,101,도로교차점,0,무,,448191.934094,127.0756941,37.533203,신자초교입구
1040002900,101,도로교차점,1,유,,448424.447747,127.0684977,37.5353024,신양초교
1040003300,101,도로교차점,1,유,,448737.965072,127.077157,37.5381218,자양초교
1040003900,101,도로교차점,0,무,,449277.163832,127.1013246,37.5429618,광장힐스테이트아파트
1040004500,102,도로시.종점,0,무,,450258.490055,127.1068485,37.5517986,쉐라톤워커힐호텔
1040004600,101,도로교차점,0,무,,450529.902937,127.0750125,37.5542686,군자동주민센터
1040004800,101,도로교차점,0,무,,451181.206872,127.0948442,37.5601225,긴고랑종점
1040004900,101,도로교차점,0,무,,451424.511247,127.0823252,37.5623241,용마사거리
1040005000,101,도로교차점,0,무,,451519.061062,127.0797753,37.5631777,중곡1동사거리
1040005100,105,행정경계,0,무,,447225.455143,127.0915125,37.5244839,송파구-광진구경계(1)
1040005200,108,IC 및 JC,0,무,,447551.763905,127.0813128,37.5274314,잠실대교북단
1040005300,108,IC 및 JC,0,무,,447573.958382,127.08625,37.5276278,강변북로-일반국도3호선램프(10)
1040005400,108,IC 및 JC,0,무,,447567.109922,127.0835684,37.5275681,잠실대교북단
1040005500,108,IC 및 JC,0,무,,447561.01933,127.0891044,37.5275091,강변북로-일반국도3호선램프(11)
1040005600,108,IC 및 JC,0,무,,447570.732623,127.0891964,37.5275966,강변북로-일반국도3호선램프(1)
1040005700,108,IC 및 JC,0,무,,447636.947948,127.0877714,37.5281943,강변북로-일반국도3호선램프(16)
1040005800,108,IC 및 JC,0,무,,447685.868061,127.0882359,37.5286347,강변북로-일반국도3호선램프(15)
1040005900,108,IC 및 JC,0,무,,447721.389422,127.0867441,37.5289558,강변북로-일반국도3호선램프(7)
1040006000,108,IC 및 JC,0,무,,447600.519869,127.0864431,37.527867,잠실대교북단
1040006100,108,IC 및 JC,0,무,,447692.655682,127.0883481,37.5286958,강변북로-일반국도3호선램프(14)
1040006200,108,IC 및 JC,0,무,,447717.951806,127.0892801,37.528923,강변북로-일반국도3호선램프(12)
1040006300,108,IC 및 JC,0,무,,447747.824187,127.0899106,37.5291916,강변북로-일반국도3호선램프(2)
1040006400,101,도로교차점,1,유,,447751.750773,127.0759737,37.5292368,뚝섬한강시민공원
1040006500,108,IC 및 JC,0,무,,447781.396326,127.0659058,37.52951,동부간선도로-강변북로램프(5)
1040006600,108,IC 및 JC,0,무,,447845.636214,127.0909731,37.5300721,강변북로-일반국도3호선램프(3)
1040006700,108,IC 및 JC,0,무,,447796.994178,127.065804,37.5296506,동부간선도로-강변북로램프(4)
1040006800,108,IC 및 JC,0,무,,447813.169965,127.0887155,37.5297813,강변북로-일반국도3호선램프(4)
1040006900,108,IC 및 JC,0,무,,447847.889245,127.0879667,37.5300947,강변북로-일반국도3호선램프(5)
1040007000,108,IC 및 JC,0,무,,447880.281986,127.0659084,37.5304009,동부간선도로-강변북로램프(3)
1040007100,108,IC 및 JC,0,무,,447852.327667,127.0661781,37.5301489,동부간선도로-강변북로램프(6)
1040007200,108,IC 및 JC,0,무,,447847.961712,127.0717091,37.5301063,동부간선도로-강변북로램프(7)
1040007300,108,IC 및 JC,0,무,,447873.938341,127.0869263,37.5303302,강변북로-일반국도3호선램프(6)
1040007400,101,도로교차점,1,유,,447987.899808,127.0685142,37.5313691,광진트라팰리스
1040007500,101,도로교차점,1,유,,448036.038637,127.066866,37.5318038,청담대교북단
1040007600,101,도로교차점,0,무,,448060.700499,127.0796418,37.532018,국민은행자양동지점
1040007700,108,IC 및 JC,0,무,,448055.05764,127.0639049,37.5319768,청담대교북단
1040007900,101,도로교차점,0,무,,448085.690003,127.0681342,37.5322504,이튼타워리버
1040008000,108,IC 및 JC,0,무,,448096.621248,127.0639293,37.5323512,청담대교북단
1040008100,101,도로교차점,1,유,,448112.908848,127.0854056,37.5324844,잠실대교북단교차로
1040008200,101,도로교차점,0,무,,448112.665541,127.0902344,37.5324786,광진중
1040008300,101,도로교차점,1,유,,448114.090876,127.0672139,37.5325068,한강현대아파트
1040008400,101,도로교차점,0,무,,448122.613894,127.0917312,37.5325671,대영빌딩
1040008500,108,IC 및 JC,0,무,,448096.01467,127.0584975,37.5323486,강변북로-일반국도47호선램프(1)
1040008600,108,IC 및 JC,0,무,,448100.274318,127.0583703,37.532387,강변북로-일반국도47호선램프(6)
1040008800,101,도로교차점,0,무,,448144.520666,127.0771305,37.5327749,자양유아원
1040008900,108,IC 및 JC,0,무,,448143.599691,127.062218,37.5327754,강변북로-일반국도47호선램프(3)
1040009000,108,IC 및 JC,0,무,,448161.239484,127.0609156,37.532935,강변북로-일반국도47호선램프(2)
1040009100,101,도로교차점,0,무,,448181.998529,127.0688965,37.5331177,연수빌딩
1040009200,108,IC 및 JC,0,무,,448231.341415,127.0951546,37.533544,강변북로램프(2)
1040009400,105,행정경계,0,무,,448204.726308,127.0589888,37.5333278,광진구-성동구경계(1)
1040009500,105,행정경계,0,무,,448212.855055,127.0590286,37.5334011,광진구-성동구경계(2)
1040009600,105,행정경계,0,무,,448227.079835,127.0590985,37.5335292,영동대교북단
1040009700,108,IC 및 JC,0,무,,448220.580406,127.0958666,37.5334465,강변북로-잠실철교로램프(1)
1040009900,108,IC 및 JC,0,무,,448183.595411,127.0943986,37.5331144,잠실철교북단
1040010000,105,행정경계,0,무,,448246.519864,127.0591946,37.5337043,영동대교북단
1040010100,101,도로교차점,1,유,,448276.545368,127.0678918,37.5339701,자양동천주교회
1040010200,101,도로교차점,0,무,,448281.495732,127.0900806,37.5339999,KT생활관
1040010300,108,IC 및 JC,0,무,,448271.45173,127.0949439,37.5339056,강변북로-테크노마트길램프(2)
1040010400,108,IC 및 JC,0,무,,448277.98301,127.0594147,37.5339877,강변북로-일반국도47호선램프(8)
1040010500,108,IC 및 JC,0,무,,448288.218386,127.0593174,37.5340799,강변북로-일반국도47호선램프(9)
1040010600,108,IC 및 JC,0,무,,448356.739229,127.0953191,37.5346737,동서울터미널 동측
1040010700,101,도로교차점,0,무,,448327.665616,127.0927244,37.5344138,터미널하차장
1040010800,108,IC 및 JC,0,무,,448389.524331,127.095153,37.5349693,강변북로-테크노마트길램프(1)
1040010900,108,IC 및 JC,0,무,,448289.414407,127.0957258,37.5340668,잠실철교북단
1040011000,101,도로교차점,0,무,,448341.495304,127.0917176,37.5345392,동서울호텔
1040011100,108,IC 및 JC,0,무,,448374.178467,127.0945661,37.5348315,동서울터미널 서측
